user_id,time
3074457346471960832,2019-02-24 20:25:31 UTC
3074457346439065344,2019-02-13 17:38:00 UTC
3074457346453817344,2019-02-22 08:20:34 UTC
3074457346451216384,2019-02-27 22:43:03 UTC
3074457346431313152,2019-06-13 15:54:32 UTC
3074457346440161024,2019-02-12 14:26:39 UTC
3074457346445932544,2019-02-26 14:34:10 UTC
3074457346445932544,2019-02-26 14:36:37 UTC
3074457346464553985,2019-02-21 19:27:36 UTC
3074457346483366657,2019-05-31 16:07:18 UTC
3074457346483366657,2019-05-31 15:47:47 UTC
3074457346483366657,2019-05-31 16:11:34 UTC
3074457346483366657,2019-05-31 15:46:40 UTC
3074457346450681857,2019-02-18 19:23:07 UTC
3074457346462096385,2019-05-29 02:07:30 UTC
3074457346462096385,2019-02-21 20:47:25 UTC
3074457346462096385,2019-02-21 20:48:52 UTC
3074457346451105025,2019-02-12 21:20:05 UTC
3074457346463844354,2019-03-06 09:40:26 UTC
3074457346060083458,2019-03-14 08:28:32 UTC
3074457346439606530,2019-05-25 03:20:16 UTC
3074457346451895298,2019-02-15 03:26:09 UTC
3074457346459105538,2019-02-17 03:01:56 UTC
3074457346469339395,2019-05-13 16:10:53 UTC
3074457346469339395,2019-05-13 16:05:35 UTC
3074457346469339395,2019-05-13 15:54:20 UTC
3074457346441518595,2019-02-12 11:35:53 UTC
3074457346443038467,2019-02-18 11:21:05 UTC
3074457346480067331,2019-02-27 14:06:05 UTC
3074457346480067331,2019-02-27 14:04:21 UTC
3074457346480067331,2019-02-27 14:06:05 UTC
3074457346449268483,2019-02-12 04:19:35 UTC
3074457346438069763,2019-02-07 18:21:44 UTC
3074457346438216708,2019-04-11 15:10:45 UTC
3074457345863477252,2019-02-21 10:46:20 UTC
3074457345863477252,2019-02-20 20:21:25 UTC
3074457346463271172,2019-02-20 09:17:30 UTC
3074457346433719044,2019-05-02 12:34:34 UTC
3074457346433719044,2019-05-20 13:03:43 UTC
3074457346433719044,2019-05-20 13:05:46 UTC
3074457346433719044,2019-05-16 13:47:27 UTC
3074457346433719044,2019-05-22 09:11:54 UTC
3074457346446131717,2019-02-10 16:07:27 UTC
3074457346446131717,2019-02-10 15:41:30 UTC
3074457346446131717,2019-02-10 16:07:27 UTC
3074457346446131717,2019-02-16 15:11:13 UTC
3074457346481211397,2019-04-12 20:37:22 UTC
3074457346451771654,2019-02-19 08:25:23 UTC
3074457346438670854,2019-02-11 11:46:39 UTC
3074457346456051206,2019-02-17 15:16:39 UTC
3074457346433841670,2019-03-14 13:30:20 UTC
3074457346483455750,2019-03-18 17:33:54 UTC
3074457346473183238,2019-03-18 12:20:13 UTC
3074457346441087239,2019-02-07 14:02:14 UTC
3074457346441087239,2019-02-07 13:58:00 UTC
3074457346441087239,2019-02-08 07:05:34 UTC
3074457346448499207,2019-05-09 11:05:42 UTC
3074457346448499207,2019-04-16 08:56:32 UTC
3074457346448499207,2019-04-16 08:57:45 UTC
3074457346448499207,2019-04-16 08:56:22 UTC
3074457346448499207,2019-04-16 09:00:48 UTC
3074457346455127815,2019-02-14 15:04:07 UTC
3074457346455127815,2019-02-14 15:00:53 UTC
3074457346471202055,2019-04-11 02:32:31 UTC
3074457346447897095,2019-02-11 14:33:31 UTC
3074457346447897095,2019-02-11 14:33:31 UTC
3074457346447897095,2019-02-11 14:33:02 UTC
3074457346447897095,2019-02-11 14:41:39 UTC
3074457346447897095,2019-02-11 14:36:36 UTC
3074457346477684488,2019-02-26 15:34:46 UTC
3074457346437383688,2019-04-16 09:49:16 UTC
3074457346449248264,2019-04-22 17:32:50 UTC
3074457346449248264,2019-02-12 04:34:04 UTC
3074457346447046408,2019-02-12 09:13:23 UTC
3074457346459696136,2019-02-24 13:32:44 UTC
3074457346463571209,2019-02-19 14:25:59 UTC
3074457346463375625,2019-03-03 15:47:46 UTC
3074457346478858761,2019-03-19 01:55:48 UTC
3074457346449499401,2019-06-10 12:03:17 UTC
3074457346468320521,2019-04-29 18:58:01 UTC
3074457346430784521,2019-02-03 19:52:30 UTC
3074457346480920585,2019-03-01 04:57:09 UTC
3074457346447896841,2019-02-12 21:59:54 UTC
3074457346454532618,2019-02-19 09:42:40 UTC
3074457345939032586,2019-02-14 16:27:58 UTC
3074457346456510986,2019-02-15 09:56:26 UTC
3074457346443536394,2019-04-23 09:59:50 UTC
3074457346443536394,2019-04-23 09:58:03 UTC
3074457346443536394,2019-02-19 14:26:09 UTC
3074457346430630666,2019-04-24 10:02:55 UTC
3074457346448589834,2019-02-17 22:47:47 UTC
3074457346456005130,2019-02-25 12:15:16 UTC
3074457346436737802,2019-03-06 09:46:32 UTC
3074457346443887370,2019-02-10 22:36:01 UTC
3074457346467948554,2019-06-06 14:19:27 UTC
3074457346467948554,2019-06-11 06:41:20 UTC
3074457346467948554,2019-06-11 06:28:25 UTC
3074457346463320843,2019-03-05 02:39:31 UTC
3074457346442550539,2019-04-03 21:23:39 UTC
3074457346479065099,2019-03-10 08:43:03 UTC
3074457346442307851,2019-02-07 23:16:35 UTC
3074457346442307851,2019-02-07 23:14:46 UTC
3074457346442307851,2019-02-19 00:02:41 UTC
3074457346442307851,2019-02-18 23:54:00 UTC
3074457346442311691,2019-02-15 16:17:32 UTC
3074457346454122251,2019-02-27 14:08:24 UTC
3074457346444096523,2019-02-12 13:40:23 UTC
3074457346447262220,2019-02-25 14:35:13 UTC
3074457346447262220,2019-02-25 14:33:34 UTC
3074457346447262220,2019-05-09 18:04:35 UTC
3074457346447262220,2019-04-24 13:25:10 UTC
3074457346447262220,2019-04-24 13:38:18 UTC
3074457346440595468,2019-04-25 08:36:01 UTC
3074457346440595468,2019-04-25 08:44:26 UTC
3074457346440595468,2019-04-25 08:53:26 UTC
3074457346433979916,2019-03-19 10:32:42 UTC
3074457346433979916,2019-03-15 10:43:55 UTC
3074457346475138060,2019-02-25 15:14:12 UTC
3074457346475138060,2019-02-25 15:13:43 UTC
3074457346475138060,2019-02-25 15:14:12 UTC
3074457346475138060,2019-02-26 17:36:07 UTC
3074457346475138060,2019-02-26 17:36:07 UTC
3074457346474357004,2019-03-05 03:25:54 UTC
3074457346429532428,2019-02-04 07:56:20 UTC
3074457346467040525,2019-02-23 18:48:02 UTC
3074457346468361485,2019-02-22 16:36:35 UTC
3074457346457876237,2019-02-19 14:48:54 UTC
3074457346434967821,2019-05-02 18:04:07 UTC
3074457346236417806,2019-02-18 10:57:36 UTC
3074457346433497870,2019-02-05 09:52:50 UTC
3074457346483175694,2019-03-17 11:30:24 UTC
3074457346410562318,2019-02-27 06:58:01 UTC
3074457346410562318,2019-02-27 06:58:01 UTC
3074457346457095182,2019-02-16 18:29:36 UTC
3074457346476759310,2019-02-26 09:39:21 UTC
3074457346476759310,2019-02-26 10:15:55 UTC
3074457346476759310,2019-02-26 10:19:33 UTC
3074457346449436686,2019-05-20 08:38:20 UTC
3074457346449436686,2019-05-20 08:37:44 UTC
3074457346449436686,2019-03-04 14:44:20 UTC
3074457346449444110,2019-02-15 09:29:18 UTC
3074457346456461582,2019-02-21 03:34:07 UTC
3074457345909571854,2019-02-10 06:34:10 UTC
3074457345909571854,2019-05-01 21:15:15 UTC
3074457346461064718,2019-02-27 14:55:05 UTC
3074457346435591439,2019-02-12 19:55:30 UTC
3074457346464297231,2019-03-05 17:41:16 UTC
3074457346464297231,2019-03-05 17:31:46 UTC
3074457346470431759,2019-02-25 16:06:03 UTC
3074457346080103951,2019-03-25 16:49:33 UTC
3074457346441277711,2019-02-19 15:01:26 UTC
3074457346462457360,2019-02-20 02:32:40 UTC
3074457346461553168,2019-02-18 16:10:55 UTC
100636176,2019-02-19 07:07:28 UTC
100636176,2019-04-15 08:24:40 UTC
100636176,2019-04-08 15:55:26 UTC
3074457346448406800,2019-06-04 16:24:47 UTC
3074457346465329168,2019-03-06 15:32:40 UTC
3074457346447440656,2019-02-19 14:04:06 UTC
3074457345725173265,2019-02-13 07:38:41 UTC
3074457346458130961,2019-02-25 13:19:40 UTC
3074457346434152209,2019-03-22 17:27:01 UTC
3074457346439995665,2019-02-07 04:57:28 UTC
3074457346439995665,2019-02-07 18:14:18 UTC
3074457346443502609,2019-02-09 04:00:43 UTC
3074457346446325521,2019-02-25 19:17:34 UTC
3074457346454234386,2019-02-22 12:45:18 UTC
3074457346464196626,2019-02-21 16:36:17 UTC
3074457346456202770,2019-02-18 02:10:30 UTC
3074457346465461522,2019-02-22 12:43:25 UTC
3074457346436897299,2019-02-08 14:42:27 UTC
3074457346477464851,2019-03-19 18:35:57 UTC
3074457346472775699,2019-03-18 09:03:39 UTC
3074457346478250516,2019-03-22 19:29:26 UTC
3074457346432121364,2019-02-25 04:55:31 UTC
3074457346454279444,2019-02-17 08:49:36 UTC
3074457346449642516,2019-02-14 09:59:30 UTC
3074457346435760148,2019-04-03 08:26:36 UTC
3074457346474300948,2019-03-02 12:43:02 UTC
3074457346469081621,2019-02-23 19:01:26 UTC
3074457346478009109,2019-03-14 17:36:47 UTC
3074457346478009109,2019-03-14 17:39:08 UTC
3074457346478009109,2019-03-14 17:00:38 UTC
3074457346478009109,2019-03-14 17:38:02 UTC
3074457346478009109,2019-03-14 17:33:29 UTC
3074457346478009109,2019-04-09 19:03:13 UTC
3074457346451016213,2019-02-12 19:49:23 UTC
3074457346440858645,2019-02-11 15:20:13 UTC
3074457346471202325,2019-03-23 21:15:21 UTC
3074457346452933397,2019-02-13 15:31:47 UTC
3074457346443170069,2019-03-05 13:10:38 UTC
3074457346443170069,2019-03-04 10:17:11 UTC
3074457346443170069,2019-02-08 15:01:29 UTC
3074457346435252758,2019-02-13 14:12:29 UTC
3074457346469929238,2019-04-30 07:56:29 UTC
3074457346468428054,2019-04-18 17:00:05 UTC
3074457346468428054,2019-05-13 18:27:32 UTC
3074457346468428054,2019-05-20 18:57:18 UTC
3074457346469411350,2019-02-22 01:17:39 UTC
3074457346459190550,2019-02-18 17:54:04 UTC
3074457346418774038,2019-02-20 14:42:40 UTC
3074457346418774038,2019-02-20 14:55:44 UTC
3074457346442184726,2019-03-27 19:26:11 UTC
3074457346442184726,2019-02-07 21:29:12 UTC
3074457346442184726,2019-02-07 21:29:44 UTC
3074457346442184726,2019-02-07 21:29:44 UTC
3074457346442184726,2019-02-07 21:36:40 UTC
3074457346442184726,2019-02-07 21:31:35 UTC
3074457346441335830,2019-02-12 14:20:01 UTC
3074457346176242710,2019-06-14 16:14:14 UTC
3074457346176242710,2019-04-11 18:22:17 UTC
3074457346176242710,2019-04-11 18:04:49 UTC
3074457346440562455,2019-03-11 21:12:04 UTC
3074457346469873943,2019-05-16 13:23:43 UTC
3074457346469873943,2019-05-16 13:23:12 UTC
21978903,2019-02-27 00:51:22 UTC
3074457346307875351,2019-05-21 14:58:41 UTC
3074457346449436695,2019-02-11 10:10:45 UTC
3074457346475208727,2019-03-08 08:57:39 UTC
3074457346463879191,2019-03-06 12:22:38 UTC
3074457346559315480,2019-03-18 12:43:33 UTC
3074457346559315480,2019-03-18 12:43:25 UTC
3074457346559315480,2019-03-18 12:43:33 UTC
3074457346559315480,2019-03-18 12:51:45 UTC
3074457346559315480,2019-03-18 12:51:45 UTC
3074457346559315480,2019-03-18 12:51:45 UTC
3074457346459050776,2019-02-16 20:35:54 UTC
3074457346471130904,2019-02-24 06:50:40 UTC
3074457346459271704,2019-03-04 16:19:48 UTC
3074457346449248280,2019-02-13 09:53:05 UTC
3074457346437877273,2019-02-20 07:53:56 UTC
3074457346449491737,2019-02-25 10:12:43 UTC
3074457346469033241,2019-02-22 18:04:02 UTC
3074457346448264985,2019-03-29 15:53:30 UTC
3074457346449248281,2019-02-15 04:58:22 UTC
3074457346456528921,2019-02-20 08:04:32 UTC
3074457346456528921,2019-02-19 06:38:17 UTC
3074457346439703065,2019-02-13 14:47:48 UTC
3074457346466840089,2019-02-22 17:41:42 UTC
3074457346470320922,2019-04-28 19:27:19 UTC
3074457346453818394,2019-02-17 00:02:43 UTC
3074457346453818394,2019-02-17 00:02:43 UTC
3074457346453818394,2019-02-15 05:44:44 UTC
3074457346466600474,2019-03-06 18:07:47 UTC
3074457346480321050,2019-02-27 15:07:40 UTC
3074457346434053146,2019-03-01 10:43:32 UTC
3074457346432948762,2019-03-06 19:13:37 UTC
3074457346433473562,2019-02-13 07:32:14 UTC
3074457346460162843,2019-03-09 08:46:30 UTC
3074457346451649051,2019-03-11 02:43:27 UTC
3074457346437381659,2019-03-14 08:39:56 UTC
3074457346480016156,2019-03-01 08:55:02 UTC
3074457346482384156,2019-03-01 23:16:10 UTC
3074457346444312092,2019-02-09 00:04:44 UTC
3074457346444312092,2019-02-09 00:05:09 UTC
3074457346444312092,2019-02-09 00:05:09 UTC
3074457346452708636,2019-02-16 05:16:23 UTC
3074457346473224476,2019-03-10 21:46:47 UTC
3074457346473224476,2019-03-11 00:26:30 UTC
3074457346480894492,2019-03-01 07:36:08 UTC
3074457346462087964,2019-02-20 17:06:28 UTC
3074457346462087964,2019-02-20 16:03:46 UTC
3074457346439699996,2019-03-20 17:59:08 UTC
3074457346439699996,2019-03-20 17:53:49 UTC
3074457346449671453,2019-03-01 07:51:50 UTC
3074457346480231709,2019-03-03 15:06:08 UTC
3074457346431539229,2019-03-04 17:49:23 UTC
3074457346467059997,2019-02-27 05:38:30 UTC
3074457346454749213,2019-04-01 12:51:03 UTC
3074457346454749213,2019-04-01 12:45:52 UTC
3074457346454749213,2019-04-01 12:45:44 UTC
3074457346454749213,2019-04-01 12:45:52 UTC
3074457346459411485,2019-06-13 15:24:45 UTC
3074457346459411485,2019-06-13 15:25:53 UTC
3074457346459411485,2019-06-13 15:25:02 UTC
3074457346452149789,2019-02-27 10:11:00 UTC
3074457346482258974,2019-05-30 13:12:27 UTC
3074457346482258974,2019-06-11 08:09:36 UTC
3074457346482258974,2019-06-10 11:57:57 UTC
3074457346454278942,2019-03-05 03:53:17 UTC
3074457346446504990,2019-03-05 18:12:35 UTC
3074457346432037918,2019-02-12 06:52:26 UTC
3074457346432037918,2019-02-12 06:51:43 UTC
3074457346432037918,2019-02-12 06:52:26 UTC
3074457346432037918,2019-02-12 08:35:54 UTC
3074457346432037918,2019-02-12 08:34:08 UTC
3074457346474575903,2019-02-27 09:18:52 UTC
3074457346452987167,2019-04-03 19:01:39 UTC
3074457346035100960,2019-02-17 19:05:16 UTC
3074457346471376928,2019-02-26 17:37:17 UTC
3074457346481211424,2019-04-03 19:05:41 UTC
3074457346454497312,2019-04-29 13:33:19 UTC
3074457346454497312,2019-04-29 13:30:27 UTC
3074457346454497312,2019-04-29 13:28:06 UTC
3074457346454497312,2019-02-14 10:36:13 UTC
3074457346430708768,2019-04-03 15:55:31 UTC
3074457346479081760,2019-04-03 00:08:07 UTC
3074457346480069152,2019-02-27 14:32:04 UTC
3074457346429623073,2019-05-24 09:30:44 UTC
3074457346429623073,2019-05-24 16:43:54 UTC
3074457346429623073,2019-05-24 09:32:26 UTC
3074457346429623073,2019-05-12 20:03:29 UTC
3074457346429623073,2019-05-12 20:07:15 UTC
3074457346429623073,2019-05-12 20:04:18 UTC
3074457346429623073,2019-05-08 15:47:58 UTC
3074457346429623073,2019-05-08 15:35:53 UTC
3074457346429623073,2019-05-08 15:45:02 UTC
3074457346429623073,2019-05-08 15:47:21 UTC
3074457346429623073,2019-05-08 15:46:04 UTC
3074457346335256353,2019-05-10 12:28:49 UTC
3074457346335256353,2019-05-10 12:02:49 UTC
3074457346463120417,2019-02-20 13:09:57 UTC
3074457346446821665,2019-02-11 06:47:24 UTC
3074457346459102753,2019-04-06 02:01:45 UTC
3074457346459102753,2019-03-13 21:19:15 UTC
3074457346459102753,2019-03-13 21:17:40 UTC
3074457346478970914,2019-04-02 02:43:17 UTC
3074457346478970914,2019-03-26 18:06:08 UTC
3074457346473223970,2019-03-13 16:36:03 UTC
3074457346482151458,2019-05-22 11:08:25 UTC
3074457346441323810,2019-02-22 17:49:50 UTC
3074457346456005410,2019-02-19 09:03:16 UTC
3074457346474817570,2019-04-17 16:01:00 UTC
3074457346474817570,2019-04-17 15:57:08 UTC
3074457346474817570,2019-04-17 15:55:38 UTC
3074457346474817570,2019-03-20 14:05:20 UTC
3074457346462118178,2019-03-05 21:48:59 UTC
3074457346462118178,2019-04-12 16:32:29 UTC
3074457346462118178,2019-04-29 17:01:03 UTC
3074457346462118178,2019-04-29 15:28:34 UTC
3074457346462118178,2019-04-29 16:57:21 UTC
3074457346429361443,2019-02-19 09:38:09 UTC
3074457346483131683,2019-05-15 12:01:15 UTC
3074457346482115364,2019-03-05 08:46:36 UTC
3074457346465542948,2019-03-04 16:15:29 UTC
3074457346464959524,2019-02-20 03:49:10 UTC
3074457346435078692,2019-02-11 12:56:52 UTC
3074457346431032356,2019-02-11 10:22:24 UTC
3074457346470898980,2019-02-26 12:59:39 UTC
3074457346456106021,2019-02-26 18:19:16 UTC
3074457346439299877,2019-02-07 15:11:44 UTC
3074457346439299877,2019-02-07 14:47:43 UTC
3074457346439299877,2019-02-07 14:47:59 UTC
3074457346439299877,2019-02-07 14:49:25 UTC
3074457346439299877,2019-02-07 15:11:44 UTC
3074457346450378533,2019-05-27 13:23:41 UTC
3074457346450378533,2019-04-08 13:34:53 UTC
3074457346450378533,2019-05-23 12:32:24 UTC
3074457346450378533,2019-04-11 13:06:30 UTC
3074457346450378533,2019-04-11 13:03:31 UTC
3074457346450378533,2019-04-11 13:07:35 UTC
3074457346450378533,2019-04-11 13:06:35 UTC
3074457346450378533,2019-04-11 13:05:49 UTC
3074457346450378533,2019-04-11 13:07:20 UTC
3074457346450378533,2019-04-11 13:03:58 UTC
3074457346450378533,2019-04-11 13:04:40 UTC
3074457346450378533,2019-04-11 13:01:28 UTC
3074457346450378533,2019-04-11 12:43:08 UTC
3074457346450378533,2019-04-11 13:03:10 UTC
3074457346475138598,2019-02-28 06:26:42 UTC
3074457346436354342,2019-02-19 13:20:28 UTC
3074457346446659879,2019-02-11 13:25:31 UTC
3074457346431808551,2019-04-02 08:31:10 UTC
3074457346479793191,2019-02-27 19:54:04 UTC
3074457346446571303,2019-02-10 19:52:31 UTC
3074457346456730919,2019-02-25 08:00:03 UTC
3074457346454245415,2019-02-15 09:05:33 UTC
3074457346472473895,2019-02-23 14:46:36 UTC
3074457346430924839,2019-02-04 06:30:11 UTC
3074457346448426024,2019-05-31 16:02:04 UTC
3074457346448426024,2019-06-07 17:45:11 UTC
3074457346448426024,2019-06-07 17:45:07 UTC
3074457346333356584,2019-02-19 04:06:42 UTC
3074457346459937576,2019-05-19 21:42:13 UTC
3074457346453263912,2019-05-03 05:29:02 UTC
3074457346452287784,2019-02-19 14:09:18 UTC
3074457346431599913,2019-06-14 11:47:47 UTC
3074457346434032937,2019-02-26 11:23:04 UTC
3074457346475790633,2019-02-27 16:23:28 UTC
3074457345944500265,2019-02-20 09:22:13 UTC
3074457345944500265,2019-02-13 14:04:02 UTC
3074457345944500265,2019-02-13 13:56:20 UTC
3074457345944500265,2019-02-13 14:02:44 UTC
3074457345944500265,2019-02-12 09:50:09 UTC
3074457346314934826,2019-02-26 15:01:12 UTC
3074457346314934826,2019-02-26 14:48:23 UTC
3074457346314934826,2019-02-26 14:46:43 UTC
3074457346314934826,2019-02-26 14:46:43 UTC
3074457346483579946,2019-03-28 09:48:25 UTC
3074457346462560554,2019-02-19 03:15:21 UTC
3074457346443295530,2019-02-13 18:19:52 UTC
3074457346476722986,2019-03-03 12:33:01 UTC
3074457346452288042,2019-02-20 17:33:23 UTC
3074457346457989930,2019-02-18 17:40:55 UTC
3074457346447257131,2019-02-25 10:18:18 UTC
3074457346447257387,2019-02-21 06:08:39 UTC
3074457346429372971,2019-04-01 05:19:10 UTC
3074457346431028267,2019-02-11 15:59:32 UTC
3074457346430321707,2019-04-25 18:11:54 UTC
3074457346430321707,2019-04-25 18:11:36 UTC
3074457346470438443,2019-04-11 07:44:47 UTC
3074457346439303468,2019-02-08 12:36:25 UTC
3074457346436298540,2019-03-05 08:17:23 UTC
3074457346478965805,2019-03-04 22:58:23 UTC
3074457346478965805,2019-03-04 22:58:56 UTC
3074457346447054125,2019-03-02 14:06:13 UTC
3074457346466219309,2019-02-22 09:08:34 UTC
3074457346434830381,2019-02-11 10:14:37 UTC
3074457346465436205,2019-03-26 14:57:32 UTC
3074457346429221933,2019-02-06 19:02:56 UTC
3074457346456554030,2019-04-04 14:21:51 UTC
3074457346456554030,2019-05-09 01:26:38 UTC
3074457346456554030,2019-04-09 06:25:02 UTC
3074457346433954606,2019-03-01 10:39:58 UTC
3074457346444047406,2019-02-15 13:47:29 UTC
3074457346446251566,2019-02-12 11:10:49 UTC
3074457346465212975,2019-02-21 09:49:59 UTC
3074457346474666287,2019-05-28 09:16:55 UTC
3074457346474666287,2019-04-18 13:11:47 UTC
3074457346474666287,2019-04-08 12:44:15 UTC
3074457346474666287,2019-04-17 08:23:11 UTC
3074457346474666287,2019-05-20 14:36:01 UTC
3074457346474666287,2019-05-20 14:36:12 UTC
3074457346474666287,2019-04-11 09:23:13 UTC
3074457346474666287,2019-04-11 09:24:28 UTC
3074457346474666287,2019-04-11 09:28:50 UTC
3074457346474666287,2019-03-18 16:48:50 UTC
3074457346474666287,2019-03-18 16:51:59 UTC
3074457346474666287,2019-03-18 16:46:51 UTC
3074457346474666287,2019-04-05 12:46:06 UTC
3074457346482150959,2019-04-10 07:55:51 UTC
3074457346454374959,2019-02-15 08:42:32 UTC
3074457346441010991,2019-02-11 20:00:33 UTC
3074457346441010991,2019-02-08 13:10:06 UTC
3074457346441010991,2019-02-08 13:10:18 UTC
3074457346441010991,2019-02-08 13:17:38 UTC
3074457346441010991,2019-02-08 13:10:18 UTC
3074457346441010991,2019-02-08 13:17:34 UTC
3074457346441010991,2019-02-08 13:15:24 UTC
3074457346441010991,2019-02-08 13:17:38 UTC
3074457346441010991,2019-02-08 13:17:38 UTC
3074457346441010991,2019-02-08 13:17:34 UTC
3074457346473395248,2019-02-27 16:00:17 UTC
3074457346469338928,2019-05-30 13:21:55 UTC
3074457346469338928,2019-05-30 21:23:50 UTC
3074457346476452656,2019-03-01 15:14:17 UTC
3074457346476452656,2019-02-28 21:07:19 UTC
3074457346476452656,2019-02-28 01:25:25 UTC
3074457346476452656,2019-02-28 01:25:25 UTC
3074457346476452656,2019-02-28 01:24:42 UTC
3074457346476452656,2019-02-28 01:26:33 UTC
3074457346466376240,2019-03-15 12:36:23 UTC
3074457346468802353,2019-02-28 14:35:54 UTC
3074457346434221362,2019-05-26 23:49:23 UTC
3074457346434221362,2019-05-26 23:48:07 UTC
3074457346482077490,2019-03-06 15:15:37 UTC
3074457346442193714,2019-02-07 21:01:58 UTC
3074457346455582515,2019-02-22 03:24:45 UTC
3074457346455213619,2019-02-21 16:26:06 UTC
3074457346455213619,2019-02-21 09:04:18 UTC
3074457346481111091,2019-03-13 16:29:30 UTC
3074457346105135923,2019-05-27 17:34:51 UTC
3074457346105135923,2019-05-27 17:18:48 UTC
3074457346105135923,2019-04-09 13:28:51 UTC
3074457346105135923,2019-04-11 14:32:50 UTC
3074457346462701363,2019-02-21 04:58:11 UTC
3074457346444310836,2019-02-11 23:30:56 UTC
3074457346432255028,2019-04-25 14:13:40 UTC
3074457346481412148,2019-03-06 01:52:17 UTC
3074457346477024564,2019-03-06 13:00:00 UTC
3074457346443616052,2019-03-25 21:56:49 UTC
3074457346444356916,2019-02-17 23:43:55 UTC
116988213,2019-02-14 01:01:59 UTC
3074457346449492021,2019-02-14 06:55:47 UTC
3074457346460903733,2019-02-21 14:14:24 UTC
3074457346460903733,2019-04-11 12:15:54 UTC
3074457346431763509,2019-05-30 12:30:19 UTC
3074457346442185269,2019-05-17 07:32:04 UTC
3074457346442185269,2019-05-17 07:29:29 UTC
3074457346442185269,2019-05-17 08:51:31 UTC
3074457346442185269,2019-05-20 09:41:55 UTC
3074457346463353653,2019-03-05 10:48:08 UTC
3074457346458384949,2019-02-23 06:09:16 UTC
3074457346458384949,2019-02-23 07:29:35 UTC
3074457346458384949,2019-02-23 06:09:08 UTC
3074457346458384949,2019-02-23 06:09:16 UTC
3074457346449936950,2019-03-08 15:15:24 UTC
3074457346449936950,2019-03-08 14:48:56 UTC
3074457346449936950,2019-03-08 14:49:35 UTC
3074457346449936950,2019-03-08 15:16:43 UTC
3074457346449936950,2019-03-08 14:49:35 UTC
3074457346449936950,2019-03-11 09:24:10 UTC
3074457346449936950,2019-03-09 15:03:21 UTC
3074457346469742134,2019-03-02 18:52:17 UTC
3074457346438784054,2019-02-24 18:50:11 UTC
3074457346466518327,2019-03-05 18:12:29 UTC
3074457346466518327,2019-03-05 18:13:07 UTC
3074457346468294199,2019-03-04 14:43:02 UTC
3074457346475390519,2019-02-26 23:02:25 UTC
3074457346472705079,2019-03-12 14:38:07 UTC
3074457346447934263,2019-04-10 16:14:33 UTC
3074457346478163255,2019-04-04 15:57:44 UTC
3074457346455881527,2019-04-18 17:22:41 UTC
3074457346455881527,2019-03-14 14:05:30 UTC
3074457346455881527,2019-03-14 14:05:00 UTC
3074457346455881527,2019-03-26 18:43:50 UTC
3074457346463320888,2019-03-05 01:54:21 UTC
3074457346474357048,2019-05-10 08:27:35 UTC
3074457346463035960,2019-04-03 14:31:58 UTC
3074457346432764473,2019-02-20 01:37:09 UTC
3074457346471107385,2019-02-24 11:14:25 UTC
3074457346475377977,2019-03-30 06:04:54 UTC
3074457346472889657,2019-03-02 20:55:56 UTC
3074457346425574457,2019-02-21 13:52:08 UTC
3074457346442434617,2019-02-09 15:44:37 UTC
3074457346462828857,2019-02-23 15:38:38 UTC
3074457346444743993,2019-02-24 09:21:32 UTC
3074457346466164282,2019-06-17 12:43:28 UTC
3074457346466164282,2019-04-16 11:46:19 UTC
3074457346466164282,2019-04-16 11:45:48 UTC
3074457346475428923,2019-03-06 18:01:23 UTC
3074457346438142523,2019-02-07 14:34:14 UTC
3074457346438670651,2019-02-25 07:11:11 UTC
3074457346478930747,2019-03-04 21:26:49 UTC
3074457346482273339,2019-03-06 08:44:23 UTC
3074457346482273339,2019-03-18 08:22:03 UTC
3074457346482273339,2019-03-18 08:20:28 UTC
3074457346482273339,2019-03-20 11:48:58 UTC
3074457346482273339,2019-04-23 07:48:38 UTC
3074457346482273339,2019-04-17 13:16:16 UTC
3074457346482273339,2019-04-17 11:15:52 UTC
3074457346464793915,2019-02-21 23:17:45 UTC
3074457346466049851,2019-04-02 15:17:34 UTC
3074457346468489788,2019-03-04 18:02:45 UTC
3074457346472095548,2019-04-14 10:55:11 UTC
3074457346472095548,2019-04-14 10:55:02 UTC
3074457346429302332,2019-06-06 14:07:20 UTC
3074457346429302332,2019-06-06 14:05:53 UTC
3074457346429302332,2019-06-06 13:22:48 UTC
3074457346454609980,2019-02-19 11:17:47 UTC
3074457346321772860,2019-03-05 07:20:54 UTC
3074457346434310972,2019-02-06 01:33:40 UTC
3074457346284081725,2019-04-29 10:05:38 UTC
3074457346284081725,2019-04-29 10:06:42 UTC
3074457346284081725,2019-04-29 12:05:57 UTC
3074457346430447421,2019-05-09 07:33:03 UTC
3074457346467485501,2019-02-28 06:55:37 UTC
3074457346451386686,2019-02-17 05:04:14 UTC
3074457346451386686,2019-02-17 05:03:26 UTC
3074457346451386686,2019-02-17 05:04:14 UTC
3074457346451846974,2019-06-16 15:04:53 UTC
3074457346444704062,2019-02-27 11:57:25 UTC
3074457346467060030,2019-03-07 18:20:14 UTC
3074457346440923198,2019-02-19 10:47:47 UTC
3074457346471202366,2019-02-28 18:28:45 UTC
3074457346480577598,2019-03-06 21:12:02 UTC
3074457346463350846,2019-03-06 02:29:25 UTC
3074457346444744254,2019-02-16 05:57:29 UTC
3074457346464345150,2019-03-01 11:44:34 UTC
3074457346471631679,2019-05-28 18:54:45 UTC
3074457346471631679,2019-03-12 15:51:43 UTC
3074457346471631679,2019-03-13 15:48:52 UTC
3074457346471771711,2019-02-24 02:38:29 UTC
3074457346471771711,2019-02-23 04:25:44 UTC
3074457346481903679,2019-03-01 11:10:50 UTC
3074457346433083199,2019-03-22 09:25:07 UTC
3074457346433083199,2019-03-28 20:36:24 UTC
3074457346472288064,2019-02-23 13:00:36 UTC
3074457346429952832,2019-02-16 12:48:36 UTC
3074457346474390592,2019-02-26 14:28:19 UTC
3074457346474390592,2019-02-27 10:24:05 UTC
3074457346440528960,2019-02-26 09:46:20 UTC
3074457346477515328,2019-03-01 12:57:46 UTC
3074457346460123969,2019-02-21 09:58:57 UTC
3074457346460123969,2019-04-19 07:40:14 UTC
3074457346460123969,2019-04-19 07:44:48 UTC
3074457346481884993,2019-03-04 10:55:37 UTC
3074457346315105601,2019-04-02 09:02:13 UTC
3074457346315105601,2019-02-19 10:47:03 UTC
3074457346315105601,2019-02-19 10:47:03 UTC
3074457346315105601,2019-02-19 10:46:41 UTC
3074457346315105601,2019-02-19 10:50:42 UTC
3074457346451469634,2019-02-12 23:17:57 UTC
3074457346451469634,2019-02-12 23:12:12 UTC
3074457346448530498,2019-02-11 18:16:23 UTC
3074457346476118339,2019-03-01 14:42:31 UTC
3074457346451885892,2019-02-15 20:44:10 UTC
3074457346451885892,2019-02-14 11:39:54 UTC
3074457346429347652,2019-06-10 21:43:34 UTC
3074457346446864965,2019-02-12 14:11:42 UTC
3074457346442180165,2019-02-08 16:58:53 UTC
3074457346447227717,2019-02-12 09:00:13 UTC
3074457346444385350,2019-06-07 19:21:31 UTC
3074457346436331334,2019-02-12 08:10:35 UTC
3074457346438575430,2019-02-18 10:04:55 UTC
3074457346463676742,2019-02-28 17:01:11 UTC
3074457346460076358,2019-03-02 12:57:43 UTC
3074457346469411399,2019-02-25 14:31:05 UTC
3074457346469411399,2019-02-25 14:27:37 UTC
3074457346478675527,2019-03-11 19:36:54 UTC
3074457346478675527,2019-02-28 03:23:22 UTC
3074457346442434631,2019-02-11 13:25:04 UTC
3074457346441976391,2019-02-07 20:57:42 UTC
3074457346441976391,2019-02-14 16:34:17 UTC
3074457346441976391,2019-02-14 16:47:47 UTC
3074457346458105415,2019-02-21 20:52:48 UTC
3074457346453883208,2019-02-14 16:11:07 UTC
3074457345982760776,2019-02-04 21:25:45 UTC
3074457346465995337,2019-02-22 08:43:41 UTC
3074457346481411913,2019-03-04 16:42:14 UTC
3074457346473417033,2019-02-25 20:51:32 UTC
3074457346474007625,2019-02-25 00:25:46 UTC
3074457346443168073,2019-05-14 10:50:26 UTC
3074457346466041417,2019-03-22 08:19:37 UTC
3074457346439960649,2019-02-17 21:57:45 UTC
3074457346476277577,2019-03-07 06:22:50 UTC
3074457346467580490,2019-02-27 08:32:13 UTC
3074457346452708938,2019-02-21 18:37:13 UTC
3074457346443348554,2019-02-14 10:04:57 UTC
3074457346464463946,2019-03-04 19:33:20 UTC
3074457346018522443,2019-02-03 17:08:15 UTC
3074457346463315531,2019-02-27 13:23:31 UTC
3074457346451744075,2019-02-20 03:17:56 UTC
3074457346460904524,2019-06-04 21:36:12 UTC
3074457346457981004,2019-02-15 21:43:10 UTC
3074457346472732236,2019-04-28 04:57:27 UTC
3074457346470963532,2019-04-02 15:21:36 UTC
3074457346459066957,2019-02-20 13:31:47 UTC
3074457346459066957,2019-02-17 18:45:41 UTC
3074457346473381453,2019-02-25 20:54:58 UTC
3074457346459952973,2019-02-17 16:53:07 UTC
3074457346454801742,2019-06-17 10:33:55 UTC
3074457346430371150,2019-02-05 17:34:36 UTC
3074457346436534606,2019-04-11 07:45:13 UTC
3074457346444727886,2019-02-09 19:28:37 UTC
3074457346451022670,2019-04-03 14:39:46 UTC
3074457346464463950,2019-03-04 19:34:46 UTC
3074457346472282447,2019-04-03 19:37:48 UTC
3074457346456957775,2019-02-16 13:50:11 UTC
3074457346462351183,2019-02-20 12:33:20 UTC
3074457346456716111,2019-02-15 21:47:56 UTC
3074457346462424655,2019-02-20 04:11:37 UTC
3074457346460404047,2019-02-19 06:30:30 UTC
3074457346451230031,2019-04-01 11:18:21 UTC
3074457346451230031,2019-03-10 16:32:49 UTC
3074457346451230031,2019-03-10 16:31:59 UTC
3074457346451230031,2019-03-10 16:32:49 UTC
3074457346448953424,2019-02-26 16:05:10 UTC
3074457346446793552,2019-02-13 20:32:42 UTC
3074457346446793552,2019-02-13 20:32:42 UTC
3074457346444211024,2019-02-12 19:46:07 UTC
3074457346479348048,2019-02-27 13:14:25 UTC
3074457346463036752,2019-03-01 17:28:29 UTC
99038033,2019-04-09 04:56:52 UTC
99038033,2019-04-16 02:37:07 UTC
99038033,2019-04-17 00:41:39 UTC
3074457346429635665,2019-03-07 09:34:33 UTC
3074457346442434897,2019-02-15 12:09:32 UTC
3074457346442434897,2019-02-15 00:19:07 UTC
3074457346442434897,2019-02-15 12:09:31 UTC
3074457346442434897,2019-02-08 04:31:02 UTC
3074457346442434897,2019-02-14 06:33:57 UTC
3074457346445340753,2019-03-28 18:13:06 UTC
3074457346445340753,2019-03-28 18:13:06 UTC
3074457346445340753,2019-03-28 18:12:29 UTC
3074457346445340753,2019-02-09 17:17:46 UTC
3074457346451290706,2019-03-04 14:14:41 UTC
3074457346449743699,2019-02-20 17:26:31 UTC
3074457346459132243,2019-03-02 21:54:41 UTC
3074457346409260371,2019-02-27 01:53:31 UTC
3074457346409260371,2019-02-27 01:53:54 UTC
3074457346409260371,2019-02-22 00:38:02 UTC
3074457346409260371,2019-02-26 22:52:03 UTC
3074457346483185491,2019-06-10 13:19:26 UTC
3074457346462889043,2019-03-28 10:02:28 UTC
3074457346462889043,2019-03-28 10:00:00 UTC
3074457346468136019,2019-02-23 13:20:48 UTC
3074457346476566356,2019-03-04 10:44:39 UTC
3074457346460976724,2019-04-24 12:31:50 UTC
3074457346460976724,2019-04-24 12:29:48 UTC
3074457346460976724,2019-04-24 12:29:03 UTC
3074457346450792021,2019-02-16 10:04:19 UTC
3074457346467968597,2019-03-26 06:44:49 UTC
3074457346437894997,2019-02-07 03:08:49 UTC
3074457346443082325,2019-02-11 16:38:38 UTC
3074457346443082325,2019-02-12 14:06:07 UTC
3074457346443082325,2019-02-12 14:06:07 UTC
3074457346458356565,2019-02-18 08:06:58 UTC
3074457346438435669,2019-04-07 21:53:13 UTC
3074457346438435669,2019-04-07 21:58:18 UTC
3074457346438435669,2019-06-07 05:02:43 UTC
3074457346452920405,2019-02-18 15:22:22 UTC
3074457346470226261,2019-02-24 06:50:32 UTC
3074457346473780565,2019-03-20 21:32:49 UTC
3074457346436368214,2019-04-06 18:34:50 UTC
3074457346436368214,2019-04-07 07:16:21 UTC
3074457346436368214,2019-04-07 05:44:41 UTC
3074457346320829014,2019-04-03 19:12:49 UTC
3074457346320829014,2019-04-03 19:02:51 UTC
3074457346480737878,2019-03-05 16:55:47 UTC
3074457346465942102,2019-02-25 15:41:33 UTC
3074457346446806614,2019-02-22 17:19:44 UTC
3074457346440588886,2019-03-06 12:04:15 UTC
3074457346440588886,2019-03-06 12:02:58 UTC
3074457346451346518,2019-02-12 22:18:05 UTC
3074457346446704470,2019-02-14 21:05:56 UTC
3074457346449284439,2019-02-22 10:54:30 UTC
3074457346414815063,2019-06-03 09:59:44 UTC
3074457346414815063,2019-02-13 14:53:34 UTC
3074457346414815063,2019-02-15 09:55:27 UTC
3074457346477370711,2019-03-03 19:09:55 UTC
3074457346448294744,2019-02-13 20:23:12 UTC
3074457346476868952,2019-03-02 08:09:39 UTC
3074457346461996632,2019-04-17 10:49:55 UTC
3074457346461996632,2019-04-11 15:29:54 UTC
3074457346453091928,2019-02-14 17:28:34 UTC
3074457346482206040,2019-03-01 18:33:27 UTC
3074457346428936536,2019-02-25 21:40:29 UTC
3074457346462560600,2019-04-23 03:14:20 UTC
3074457346462560600,2019-04-23 03:15:22 UTC
3074457346449455448,2019-02-14 19:24:43 UTC
3074457346465785688,2019-02-25 14:07:27 UTC
3074457346452954457,2019-02-25 16:48:52 UTC
3074457346452954457,2019-05-12 23:44:24 UTC
3074457346452954457,2019-05-12 23:42:11 UTC
3074457346482849369,2019-03-01 19:26:38 UTC
3074457346475989337,2019-02-25 20:04:22 UTC
3074457346409211225,2019-02-17 17:19:58 UTC
3074457346409211225,2019-02-20 12:25:24 UTC
3074457346409211225,2019-02-20 12:43:31 UTC
3074457346409211225,2019-02-15 09:27:31 UTC
3074457346409211225,2019-02-26 18:12:17 UTC
3074457346451097433,2019-02-12 19:00:54 UTC
3074457346451097433,2019-03-06 14:11:08 UTC
3074457346435041113,2019-02-12 14:23:22 UTC
3074457346470236505,2019-03-05 11:22:00 UTC
3074457346470236505,2019-03-11 11:11:37 UTC
3074457346429293146,2019-04-28 16:49:14 UTC
3074457346446812762,2019-02-11 16:21:20 UTC
3074457346467990106,2019-03-05 15:29:15 UTC
3074457346464463962,2019-03-04 19:35:55 UTC
3074457346439429722,2019-04-22 14:04:44 UTC
3074457346439429722,2019-04-22 14:00:55 UTC
3074457346439429722,2019-04-22 14:00:25 UTC
3074457346439429722,2019-04-22 14:01:35 UTC
3074457346439429722,2019-04-22 14:04:50 UTC
3074457346439429722,2019-04-22 14:01:04 UTC
3074457346439429722,2019-04-22 14:07:00 UTC
3074457346462993499,2019-05-10 09:55:06 UTC
3074457346450151003,2019-02-15 09:05:21 UTC
3074457346459136091,2019-04-10 15:21:30 UTC
3074457346459136091,2019-04-10 16:24:23 UTC
3074457346450486619,2019-03-27 16:46:36 UTC
3074457346471264603,2019-03-01 14:24:16 UTC
3074457346474092379,2019-03-05 04:26:48 UTC
3074457346467279195,2019-03-16 13:48:00 UTC
3074457346464667739,2019-05-14 02:44:12 UTC
3074457346464667739,2019-05-02 04:08:08 UTC
3074457346464667739,2019-05-02 04:10:01 UTC
3074457346464667739,2019-05-02 04:07:23 UTC
3074457346464667739,2019-05-02 04:06:12 UTC
3074457345722564956,2019-04-09 18:30:00 UTC
3074457346456246876,2019-02-19 01:51:30 UTC
3074457346432986716,2019-02-15 18:11:11 UTC
3074457346433523804,2019-03-06 08:40:55 UTC
3074457346453065308,2019-02-13 18:16:41 UTC
3074457346476932444,2019-02-27 21:04:51 UTC
3074457346431190877,2019-02-24 06:15:04 UTC
3074457346460431709,2019-02-22 06:36:14 UTC
3074457346465296221,2019-02-25 09:28:20 UTC
3074457346475558494,2019-03-04 13:42:52 UTC
3074457346464466270,2019-03-04 19:40:53 UTC
3074457346449414239,2019-03-06 09:28:55 UTC
3074457346466136927,2019-04-09 11:14:51 UTC
3074457346466136927,2019-04-09 11:17:45 UTC
3074457346466136927,2019-04-30 14:44:46 UTC
3074457346466136927,2019-04-30 17:53:42 UTC
3074457346466136927,2019-04-30 17:57:06 UTC
3074457346480371039,2019-05-02 15:03:11 UTC
3074457346458159199,2019-03-05 03:14:01 UTC
3074457346479348575,2019-03-06 09:23:27 UTC
3074457346452760928,2019-02-27 09:16:45 UTC
3074457346463719008,2019-02-27 09:29:55 UTC
3074457346463719008,2019-04-03 12:41:42 UTC
3074457346477754464,2019-03-22 12:47:23 UTC
3074457346464724576,2019-03-14 04:08:11 UTC
3074457346457120865,2019-03-19 12:40:04 UTC
3074457346440883297,2019-02-07 13:10:41 UTC
3074457346440558945,2019-02-13 10:51:37 UTC
3074457346459132514,2019-02-17 00:54:10 UTC
3074457346459132514,2019-02-17 00:53:28 UTC
3074457346459132514,2019-02-17 00:54:10 UTC
3074457345745786978,2019-02-18 04:11:58 UTC
3074457346477972066,2019-02-27 18:43:47 UTC
3074457346447372642,2019-02-25 09:37:56 UTC
3074457346451582307,2019-02-15 10:45:03 UTC
3074457346438151011,2019-05-31 09:19:12 UTC
3074457346463204707,2019-02-19 11:36:25 UTC
3074457346482035811,2019-02-28 16:02:42 UTC
3074457346482035811,2019-02-28 16:11:35 UTC
3074457346482035811,2019-02-28 16:10:48 UTC
3074457346482035811,2019-02-28 16:11:35 UTC
3074457346449997155,2019-04-11 19:00:12 UTC
3074457346449997155,2019-04-11 19:05:41 UTC
3074457346449997155,2019-03-27 13:08:23 UTC
3074457346446864996,2019-02-28 05:13:57 UTC
3074457346435598948,2019-02-18 04:09:57 UTC
3074457346455327844,2019-03-02 11:43:51 UTC
3074457346455327844,2019-03-03 14:32:39 UTC
3074457346455327844,2019-03-03 07:40:45 UTC
3074457346466600548,2019-06-05 19:27:14 UTC
3074457346445564260,2019-05-13 05:47:22 UTC
3074457346473244004,2019-02-25 21:12:07 UTC
3074457346466500708,2019-03-18 01:21:46 UTC
3074457346474760292,2019-02-25 11:52:02 UTC
3074457346474891620,2019-04-26 14:17:38 UTC
3074457346474891620,2019-04-26 14:17:54 UTC
3074457346474891620,2019-02-25 12:48:29 UTC
3074457346479625317,2019-02-28 12:09:24 UTC
3074457346469467749,2019-02-26 04:58:27 UTC
3074457346476817509,2019-02-28 02:46:41 UTC
3074457346461769317,2019-04-09 00:57:14 UTC
3074457346461769317,2019-04-09 00:59:21 UTC
3074457346461769317,2019-04-09 00:59:21 UTC
3074457346461769317,2019-03-01 13:03:14 UTC
3074457346443102053,2019-02-22 11:29:31 UTC
3074457346469583717,2019-05-20 00:01:47 UTC
3074457346460545893,2019-04-26 09:48:03 UTC
3074457346447498598,2019-02-12 16:01:30 UTC
3074457346458587751,2019-03-02 14:57:19 UTC
3074457346445627495,2019-02-11 22:11:42 UTC
3074457346477719143,2019-03-05 21:13:08 UTC
3074457346474180712,2019-03-02 04:45:26 UTC
3074457346438733416,2019-02-25 10:42:49 UTC
3074457346451924840,2019-02-13 09:43:15 UTC
3074457346451924840,2019-02-13 09:44:13 UTC
3074457346451924840,2019-02-13 09:44:13 UTC
3074457346473881192,2019-04-14 02:03:13 UTC
3074457346470084712,2019-03-27 09:13:53 UTC
3074457346470084712,2019-03-27 09:15:32 UTC
3074457346470084712,2019-03-27 09:19:19 UTC
3074457346470084712,2019-04-04 06:43:59 UTC
3074457346470084712,2019-02-28 12:29:21 UTC
3074457346470084712,2019-04-01 19:11:15 UTC
3074457346470084712,2019-04-01 18:31:25 UTC
3074457346464466280,2019-02-20 21:05:49 UTC
3074457346457860200,2019-02-20 17:03:39 UTC
3074457346466579561,2019-02-23 19:11:07 UTC
3074457346468427881,2019-03-01 10:29:32 UTC
3074457346452709481,2019-02-27 18:58:47 UTC
3074457346452709481,2019-02-27 19:04:10 UTC
3074457346433921129,2019-02-28 15:55:05 UTC
3074457346385622889,2019-02-14 11:59:49 UTC
3074457346385622889,2019-03-08 22:45:34 UTC
3074457346385622889,2019-05-03 18:00:50 UTC
3074457346385622889,2019-05-03 17:54:28 UTC
3074457346385622889,2019-05-03 17:55:53 UTC
3074457346385622889,2019-06-14 21:29:16 UTC
3074457346385622889,2019-02-15 10:17:56 UTC
3074457346385622889,2019-02-26 20:39:02 UTC
3074457346385622889,2019-02-26 22:24:07 UTC
3074457346385622889,2019-02-26 22:19:59 UTC
3074457346385622889,2019-05-24 18:53:11 UTC
3074457346385622889,2019-06-17 22:25:09 UTC
3074457346385622889,2019-05-07 18:58:17 UTC
3074457346385622889,2019-05-23 02:04:47 UTC
3074457346385622889,2019-04-01 21:28:34 UTC
3074457346385622889,2019-05-10 18:32:33 UTC
3074457346385622889,2019-05-10 18:25:59 UTC
3074457346385622889,2019-04-09 20:03:05 UTC
3074457346385622889,2019-04-09 20:33:20 UTC
3074457346385622889,2019-06-13 21:10:24 UTC
3074457346017967977,2019-03-10 19:04:03 UTC
3074457346017967977,2019-02-23 00:17:30 UTC
3074457346017967977,2019-02-23 00:20:06 UTC
3074457346017967977,2019-02-23 00:18:26 UTC
3074457346017967977,2019-02-23 00:23:18 UTC
3074457346463350889,2019-02-28 12:51:37 UTC
3074457346462578793,2019-02-27 03:55:49 UTC
3074457346431276138,2019-02-05 14:35:35 UTC
3074457346459984234,2019-02-17 18:24:20 UTC
3074457346448870250,2019-02-12 21:37:28 UTC
3074457346451885930,2019-02-14 08:57:57 UTC
3074457346429156970,2019-02-17 16:21:00 UTC
3074457346461414763,2019-02-25 04:10:42 UTC
3074457346464038507,2019-02-27 08:54:20 UTC
3074457346302496107,2019-04-12 11:33:15 UTC
3074457346302496107,2019-04-12 11:33:58 UTC
3074457346438092907,2019-02-13 19:26:14 UTC
3074457346447467371,2019-05-09 17:10:20 UTC
3074457346287569515,2019-02-25 18:28:46 UTC
3074457346287569515,2019-02-25 18:28:46 UTC
3074457346287569515,2019-02-25 18:26:10 UTC
3074457346287569515,2019-02-26 00:32:13 UTC
3074457346287569515,2019-02-26 00:19:36 UTC
3074457346443170668,2019-03-18 12:53:22 UTC
3074457346474180717,2019-02-26 17:45:12 UTC
3074457346472941165,2019-02-25 14:12:03 UTC
3074457346461093485,2019-02-18 13:26:16 UTC
3074457346432794477,2019-02-16 14:31:09 UTC
3074457346445587053,2019-02-10 00:28:15 UTC
3074457346479024493,2019-02-28 02:37:58 UTC
3074457346479024493,2019-02-28 02:39:40 UTC
3074457346479024493,2019-02-28 02:39:40 UTC
3074457346463698798,2019-03-12 15:28:20 UTC
3074457346460487790,2019-03-02 17:47:51 UTC
3074457346460487790,2019-03-02 17:48:16 UTC
3074457346474460014,2019-03-05 15:27:58 UTC
3074457346069316718,2019-04-15 14:34:39 UTC
3074457346454610286,2019-06-09 08:04:13 UTC
3074457346449048686,2019-03-07 01:43:01 UTC
3074457346464791150,2019-02-20 18:55:45 UTC
3074457346451829870,2019-02-14 14:48:02 UTC
3074457346478373230,2019-05-01 01:50:09 UTC
3074457346478373230,2019-04-09 03:29:25 UTC
3074457346478373230,2019-04-09 03:31:09 UTC
3074457346478373230,2019-04-09 03:31:09 UTC
3074457346465100655,2019-03-15 07:59:40 UTC
3074457346477684591,2019-02-26 21:33:07 UTC
3074457346477684591,2019-02-26 21:32:33 UTC
3074457346477684591,2019-04-01 14:24:39 UTC
3074457346477489519,2019-03-06 09:57:08 UTC
3074457346457726063,2019-02-22 14:25:36 UTC
3074457346468871535,2019-03-03 17:58:44 UTC
3074457346444764017,2019-03-05 16:45:38 UTC
3074457346479844209,2019-06-07 13:34:33 UTC
3074457346480374641,2019-02-28 00:17:27 UTC
3074457346479858289,2019-03-05 18:59:23 UTC
3074457346435763569,2019-02-06 16:15:44 UTC
3074457346445277041,2019-02-15 08:32:03 UTC
3074457346456247154,2019-02-20 02:28:09 UTC
3074457346449069682,2019-02-12 01:38:17 UTC
3074457346465066098,2019-03-03 19:16:05 UTC
3074457346465721970,2019-02-21 12:27:37 UTC
3074457346429939826,2019-03-06 12:53:42 UTC
3074457346475649395,2019-02-28 14:59:18 UTC
3074457346463330163,2019-03-25 19:07:22 UTC
3074457346463330163,2019-05-02 17:03:02 UTC
3074457346438301299,2019-02-13 09:41:26 UTC
3074457346445588339,2019-02-28 02:23:33 UTC
3074457346481110899,2019-06-03 18:33:50 UTC
3074457346468690548,2019-02-25 18:33:51 UTC
3074457346472492148,2019-02-25 20:37:50 UTC
3074457346462794100,2019-02-22 08:50:11 UTC
3074457346471657076,2019-03-13 20:17:46 UTC
3074457346471657076,2019-03-13 20:17:46 UTC
3074457346477751924,2019-03-01 12:58:02 UTC
3074457346466939252,2019-03-03 07:06:57 UTC
3074457346446141301,2019-02-13 05:56:17 UTC
3074457346464495733,2019-03-04 19:38:56 UTC
3074457346453361269,2019-02-14 22:09:33 UTC
3074457346475926901,2019-02-26 19:42:16 UTC
3074457346475926901,2019-02-26 19:35:46 UTC
3074457346475926901,2019-02-26 19:42:16 UTC
3074457346443312757,2019-05-06 14:58:01 UTC
3074457346443312757,2019-02-21 03:33:31 UTC
3074457346443312757,2019-05-15 23:32:13 UTC
3074457346443312757,2019-05-15 23:33:55 UTC
3074457346475567222,2019-03-08 19:07:20 UTC
3074457346469081974,2019-06-01 04:41:24 UTC
3074457346469081974,2019-06-01 04:39:59 UTC
3074457346446089590,2019-03-20 17:53:49 UTC
3074457346438560886,2019-02-12 14:20:05 UTC
3074457346446759286,2019-02-12 20:05:59 UTC
3074457346435253111,2019-02-10 20:50:13 UTC
3074457346436897143,2019-02-07 09:32:11 UTC
3074457346476709239,2019-03-25 16:21:07 UTC
3074457346469904247,2019-03-02 02:01:14 UTC
3074457346431120759,2019-02-11 16:36:39 UTC
3074457346453998200,2019-02-15 20:00:00 UTC
3074457346453998200,2019-02-14 01:59:19 UTC
3074457346453998200,2019-06-04 01:26:27 UTC
3074457346437116792,2019-02-12 17:33:53 UTC
3074457346453649272,2019-02-27 15:32:53 UTC
3074457346453649272,2019-02-27 18:50:35 UTC
3074457346453649272,2019-03-12 01:22:20 UTC
3074457346453649272,2019-03-12 02:59:08 UTC
3074457346432026488,2019-02-27 15:47:20 UTC
3074457346440109945,2019-05-15 00:46:53 UTC
3074457345931054969,2019-02-15 17:59:10 UTC
3074457346449283706,2019-02-20 08:46:55 UTC
3074457346436322170,2019-02-19 11:27:41 UTC
3074457346436322170,2019-02-19 11:45:13 UTC
3074457346436322170,2019-06-13 12:48:50 UTC
3074457346436322170,2019-06-13 12:49:26 UTC
3074457346441504634,2019-02-10 13:36:25 UTC
3074457346457771642,2019-02-25 13:57:46 UTC
3074457346462565498,2019-03-27 06:46:53 UTC
3074457346462565498,2019-03-27 06:51:40 UTC
3074457346470833274,2019-02-25 12:26:32 UTC
3074457346477717114,2019-02-28 12:42:07 UTC
3074457346438353019,2019-03-21 16:04:37 UTC
3074457346101775739,2019-02-14 17:48:09 UTC
3074457346470226043,2019-06-17 09:18:42 UTC
3074457346444436348,2019-02-09 04:22:57 UTC
3074457346467265404,2019-02-21 02:29:29 UTC
3074457346469840764,2019-03-07 21:14:31 UTC
3074457346464598652,2019-04-11 11:20:07 UTC
3074457346464598652,2019-04-11 11:45:35 UTC
3074457346464598652,2019-04-16 10:50:12 UTC
3074457346460488317,2019-02-28 11:55:52 UTC
3074457346474318717,2019-03-14 10:14:28 UTC
3074457346449360253,2019-02-25 11:10:18 UTC
3074457346436456573,2019-02-06 09:44:28 UTC
19031933,2019-02-13 10:14:20 UTC
3074457346433316733,2019-03-10 22:44:59 UTC
3074457346469059453,2019-02-22 18:02:44 UTC
3074457346456675965,2019-02-19 11:06:39 UTC
3074457346440960638,2019-02-21 02:52:35 UTC
3074457346447599742,2019-03-01 21:46:05 UTC
3074457346438165374,2019-03-22 09:43:11 UTC
3074457346460403838,2019-02-18 04:20:37 UTC
3074457346448499072,2019-02-11 20:25:41 UTC
3074457346448499072,2019-02-11 20:25:40 UTC
3074457346431990656,2019-02-06 07:11:01 UTC
3074457346443664512,2019-03-06 19:45:23 UTC
3074457346475325312,2019-03-27 10:17:00 UTC
3074457346475325312,2019-03-28 08:27:26 UTC
3074457346475325312,2019-03-28 08:28:45 UTC
3074457346475325312,2019-03-28 08:16:50 UTC
3074457346458304128,2019-04-17 19:51:09 UTC
3074457346458304128,2019-02-16 09:08:57 UTC
3074457346478163072,2019-03-14 09:41:09 UTC
3074457346478163072,2019-03-14 09:41:09 UTC
3074457346478163072,2019-03-14 09:39:23 UTC
3074457346478163072,2019-03-20 15:08:34 UTC
3074457346463235200,2019-03-27 11:15:02 UTC
3074457346463235200,2019-02-19 12:06:36 UTC
3074457346441498753,2019-02-07 16:08:30 UTC
3074457346472717697,2019-03-26 12:22:06 UTC
3074457346472717697,2019-03-26 12:23:00 UTC
3074457346429470849,2019-02-10 19:52:31 UTC
3074457346466434945,2019-03-13 23:37:37 UTC
3074457346432593026,2019-03-01 15:30:30 UTC
3074457346446890114,2019-05-02 09:08:42 UTC
3074457346446890114,2019-05-15 09:10:27 UTC
3074457346468721282,2019-02-25 15:08:15 UTC
3074457346446504834,2019-02-14 09:12:27 UTC
3074457346460348290,2019-04-02 09:41:20 UTC
3074457346440952962,2019-04-16 20:46:03 UTC
3074457346463765635,2019-02-19 16:23:58 UTC
3074457346430479235,2019-02-04 18:13:52 UTC
3074457346480554627,2019-02-27 18:24:39 UTC
3074457346459453059,2019-04-18 13:50:41 UTC
3074457346459453059,2019-02-18 06:26:48 UTC
3074457346459453059,2019-02-18 09:28:25 UTC
3074457346459453059,2019-02-18 09:30:02 UTC
3074457346458869891,2019-02-26 14:06:39 UTC
3074457346471587459,2019-02-26 19:57:13 UTC
3074457346429361796,2019-02-12 09:50:54 UTC
3074457346436439684,2019-03-26 09:08:39 UTC
3074457346455024516,2019-03-22 07:33:47 UTC
3074457346457908612,2019-02-15 23:11:19 UTC
3074457346464792708,2019-02-27 00:11:11 UTC
3074457346435505540,2019-02-24 04:23:41 UTC
3074457346470962820,2019-03-11 11:07:19 UTC
3074457346459103364,2019-02-23 00:37:04 UTC
3074457346447835269,2019-02-12 19:29:13 UTC
3074457346471501189,2019-02-22 20:47:57 UTC
3074457346450991749,2019-02-15 00:12:54 UTC
3074457346462747525,2019-02-22 08:53:28 UTC
3074457346451023493,2019-03-14 18:06:15 UTC
3074457346014173061,2019-02-20 18:47:46 UTC
3074457346471632006,2019-03-01 02:57:33 UTC
3074457346481755270,2019-03-01 09:28:18 UTC
3074457346458827910,2019-02-27 16:57:08 UTC
3074457346457851014,2019-02-19 12:54:39 UTC
3074457346457851014,2019-02-20 08:06:21 UTC
3074457346449923718,2019-02-13 12:18:05 UTC
3074457346449923718,2019-02-13 12:17:47 UTC
3074457346449923718,2019-02-13 12:18:52 UTC
3074457346463704455,2019-03-10 15:16:25 UTC
3074457346463704455,2019-03-07 18:45:26 UTC
3074457346463704455,2019-03-08 13:45:13 UTC
3074457346439981703,2019-02-20 04:25:29 UTC
3074457346483176071,2019-03-25 16:30:56 UTC
3074457346483176071,2019-03-13 10:39:15 UTC
3074457346460904327,2019-02-21 13:11:02 UTC
3074457346442249351,2019-02-11 23:14:35 UTC
3074457346449997191,2019-03-06 18:30:28 UTC
3074457346449997191,2019-03-06 18:32:25 UTC
3074457346460633736,2019-04-22 07:18:07 UTC
3074457346460633736,2019-05-21 11:12:32 UTC
3074457346460633736,2019-04-29 11:31:53 UTC
3074457346460633736,2019-02-19 06:36:25 UTC
3074457346460633736,2019-02-18 08:36:15 UTC
3074457346459202696,2019-02-17 03:29:04 UTC
3074457346471205512,2019-02-26 16:17:30 UTC
3074457346438378888,2019-02-08 08:24:46 UTC
3074457346437994632,2019-02-13 07:28:36 UTC
3074457346437163657,2019-02-07 08:40:23 UTC
3074457346467256201,2019-06-04 17:04:52 UTC
3074457346450548873,2019-02-12 16:00:39 UTC
3074457346465494665,2019-04-20 09:14:40 UTC
3074457346465494665,2019-04-28 09:13:32 UTC
3074457346448595593,2019-02-20 15:38:14 UTC
3074457346447313802,2019-03-02 15:10:21 UTC
3074457346464442506,2019-03-01 16:40:49 UTC
3074457346454684810,2019-04-02 09:14:50 UTC
3074457346464727178,2019-06-14 22:10:32 UTC
3074457346464727178,2019-06-14 22:13:58 UTC
3074457346464727178,2019-06-17 16:33:33 UTC
3074457346464727178,2019-06-17 16:30:51 UTC
3074457346449595274,2019-02-15 07:09:11 UTC
3074457346440433803,2019-02-12 08:46:23 UTC
3074457346439065483,2019-02-23 16:06:58 UTC
3074457346448112523,2019-04-05 19:07:39 UTC
3074457346454869899,2019-05-16 12:29:42 UTC
3074457346479843723,2019-03-04 08:04:39 UTC
3074457346441331339,2019-04-03 10:07:39 UTC
3074457346441331339,2019-04-03 10:01:17 UTC
3074457346441331339,2019-04-03 10:12:25 UTC
3074457346441331339,2019-03-12 10:25:48 UTC
3074457346441331339,2019-03-12 09:03:09 UTC
3074457346441331339,2019-04-05 09:48:59 UTC
3074457346441331339,2019-03-11 10:29:59 UTC
3074457346441331339,2019-03-11 10:30:57 UTC
3074457346441331339,2019-03-11 12:04:51 UTC
3074457346441331339,2019-03-11 10:30:57 UTC
3074457346441331339,2019-03-11 12:37:12 UTC
3074457346441331339,2019-03-11 11:28:24 UTC
3074457346438914699,2019-02-06 16:08:53 UTC
3074457346462730380,2019-03-05 07:05:32 UTC
3074457346474867852,2019-02-25 13:15:43 UTC
3074457346473242508,2019-02-28 12:59:22 UTC
3074457346465278349,2019-02-20 10:30:58 UTC
3074457346433303437,2019-02-12 01:33:35 UTC
3074457346454426509,2019-03-13 00:31:56 UTC
3074457346454426509,2019-02-15 02:33:27 UTC
3074457346454426509,2019-02-15 02:32:46 UTC
3074457346454426509,2019-02-15 02:36:57 UTC
3074457346454426509,2019-02-15 02:32:15 UTC
3074457346454426509,2019-02-15 02:32:46 UTC
3074457346438314893,2019-02-06 14:16:28 UTC
3074457346440810125,2019-02-18 10:05:03 UTC
3074457346444676749,2019-02-09 07:44:33 UTC
3074457346444676749,2019-02-09 07:47:23 UTC
3074457346446250637,2019-02-17 20:38:04 UTC
3074457346458655630,2019-02-28 10:36:55 UTC
3074457346451269262,2019-02-13 19:32:18 UTC
3074457346440523662,2019-02-08 12:05:33 UTC
3074457346437522318,2019-02-25 23:45:53 UTC
3074457346456473998,2019-04-26 08:52:13 UTC
3074457346443577487,2019-02-08 15:01:55 UTC
3074457346455526287,2019-02-14 17:30:10 UTC
3074457346477490575,2019-03-18 20:04:21 UTC
3074457346434570639,2019-02-21 13:31:41 UTC
3074457346454104463,2019-03-22 00:46:56 UTC
3074457346245245583,2019-02-13 18:20:30 UTC
3074457346478163343,2019-03-05 16:36:54 UTC
3074457346450771599,2019-02-14 10:27:27 UTC
3074457346464144783,2019-02-26 08:10:07 UTC
3074457346463234959,2019-04-18 12:49:56 UTC
3074457346472344463,2019-02-27 01:36:18 UTC
3074457346476998031,2019-02-26 14:51:34 UTC
3074457346456580240,2019-02-21 03:26:29 UTC
3074457346456580240,2019-02-21 03:26:29 UTC
3074457346456580240,2019-02-21 03:27:14 UTC
3074457346456580240,2019-02-21 03:27:14 UTC
3074457346456580240,2019-02-21 03:27:14 UTC
3074457346456580240,2019-02-27 03:52:59 UTC
3074457346480370832,2019-02-28 17:16:36 UTC
3074457346480370832,2019-02-28 16:03:37 UTC
3074457346445653648,2019-05-23 03:49:07 UTC
3074457346445653648,2019-05-08 04:07:04 UTC
3074457346457518224,2019-03-04 18:18:35 UTC
3074457346438123408,2019-02-26 14:11:37 UTC
3074457346438123408,2019-02-25 12:30:03 UTC
3074457346438123408,2019-02-25 19:59:29 UTC
3074457346438123408,2019-02-25 12:31:14 UTC
3074457346438123408,2019-02-25 12:29:28 UTC
3074457346438123408,2019-02-25 10:48:10 UTC
3074457346438123408,2019-02-25 10:47:26 UTC
3074457346438123408,2019-02-25 12:30:03 UTC
3074457346438123408,2019-02-25 12:31:14 UTC
3074457346438123408,2019-02-25 12:31:14 UTC
3074457346438123408,2019-02-25 20:19:12 UTC
3074457346438123408,2019-02-25 20:09:01 UTC
3074457346438123408,2019-02-25 12:36:28 UTC
3074457346438123408,2019-05-09 14:41:22 UTC
3074457346438123408,2019-03-31 16:57:15 UTC
3074457346438123408,2019-06-08 12:43:57 UTC
3074457346442587280,2019-02-09 02:42:38 UTC
3074457346448893329,2019-02-14 21:55:43 UTC
3074457346480234641,2019-03-06 09:58:19 UTC
3074457346461439121,2019-02-21 20:00:19 UTC
3074457346481904017,2019-05-13 11:11:29 UTC
3074457346481904017,2019-03-04 13:37:41 UTC
3074457346481904017,2019-03-18 12:23:58 UTC
3074457346463234961,2019-05-29 14:44:17 UTC
3074457346463234961,2019-03-12 08:57:44 UTC
3074457346463234961,2019-03-12 08:56:30 UTC
3074457346463234961,2019-03-12 08:57:44 UTC
3074457345854281875,2019-02-08 15:46:20 UTC
3074457346430461331,2019-02-25 00:26:59 UTC
3074457346433686676,2019-02-15 11:07:42 UTC
3074457346435983764,2019-02-13 13:07:26 UTC
3074457346438151316,2019-02-13 07:30:49 UTC
3074457346475583124,2019-03-01 17:15:13 UTC
3074457346473752980,2019-03-10 15:28:28 UTC
3074457346441385364,2019-02-08 14:25:32 UTC
3074457346441385364,2019-02-07 22:13:05 UTC
3074457346437847700,2019-02-19 00:27:06 UTC
3074457346444877716,2019-02-11 09:08:19 UTC
3074457346430006164,2019-02-14 09:56:48 UTC
3074457346467569045,2019-04-29 04:51:22 UTC
3074457346442687893,2019-02-08 08:18:17 UTC
3074457346442687893,2019-02-08 08:20:26 UTC
3074457346437067669,2019-02-28 16:58:18 UTC
3074457346481591958,2019-05-20 21:13:37 UTC
3074457346482780054,2019-03-10 20:29:16 UTC
3074457346482780054,2019-03-10 20:27:45 UTC
3074457346482780054,2019-05-24 10:37:16 UTC
3074457346482780054,2019-05-24 10:37:36 UTC
3074457346481873558,2019-04-23 07:05:19 UTC
3074457346441518486,2019-02-08 11:29:41 UTC
3074457346457454998,2019-02-17 13:35:07 UTC
3074457346476397206,2019-02-26 02:32:35 UTC
3074457346456499607,2019-02-21 09:12:14 UTC
3074457346429636503,2019-02-22 13:57:59 UTC
3074457346438750615,2019-02-18 15:51:16 UTC
3074457345850608536,2019-04-08 06:41:18 UTC
3074457346028352665,2019-02-21 17:58:20 UTC
3074457346028352665,2019-02-21 17:52:16 UTC
3074457346028352665,2019-02-21 23:16:20 UTC
3074457346028352665,2019-02-21 23:15:37 UTC
3074457346467388313,2019-02-27 20:57:32 UTC
3074457346409263001,2019-05-06 12:35:07 UTC
3074457346442120601,2019-02-20 20:24:44 UTC
3074457346474047129,2019-02-28 04:37:55 UTC
3074457346474047129,2019-02-28 04:37:48 UTC
3074457346477199258,2019-03-08 03:33:33 UTC
3074457346477199258,2019-03-08 03:33:32 UTC
3074457346477199258,2019-03-08 03:32:46 UTC
3074457346477199258,2019-03-06 00:46:53 UTC
3074457346469480602,2019-03-05 21:45:29 UTC
3074457346454212762,2019-02-20 11:53:52 UTC
3074457346438103962,2019-02-14 10:30:24 UTC
3074457346471202458,2019-03-14 20:44:11 UTC
3074457346471202458,2019-05-08 18:10:35 UTC
3074457346471202458,2019-05-08 19:30:37 UTC
3074457346433718682,2019-02-07 10:26:21 UTC
3074457346434518938,2019-02-06 10:15:36 UTC
3074457346447385499,2019-02-18 05:20:14 UTC
3074457346475440539,2019-03-14 23:49:34 UTC
3074457346463321243,2019-03-04 21:47:58 UTC
3074457346477090459,2019-03-05 07:03:38 UTC
3074457346447413147,2019-02-11 11:08:37 UTC
3074457346434977691,2019-02-14 22:32:40 UTC
3074457346434977691,2019-03-30 03:53:52 UTC
3074457346434977691,2019-02-16 21:45:25 UTC
3074457346434977691,2019-02-04 20:31:13 UTC
3074457346460995483,2019-02-18 12:14:25 UTC
3074457346435311003,2019-02-05 15:43:07 UTC
3074457346430461595,2019-02-15 16:59:33 UTC
3074457346463321244,2019-02-27 23:16:41 UTC
3074457346472658332,2019-02-25 16:48:35 UTC
3074457346451048861,2019-02-14 02:33:17 UTC
3074457346449449629,2019-02-12 08:13:56 UTC
3074457346449449629,2019-02-12 13:41:32 UTC
3074457346449449629,2019-02-18 08:57:37 UTC
3074457346449449629,2019-02-22 12:12:52 UTC
3074457346449449629,2019-02-21 09:22:05 UTC
3074457346449449629,2019-02-27 14:08:38 UTC
3074457346449449629,2019-02-27 14:09:22 UTC
3074457346449449629,2019-02-27 14:08:38 UTC
3074457346449449629,2019-02-27 14:07:40 UTC
3074457346453201309,2019-02-20 19:00:06 UTC
3074457346441541533,2019-02-26 22:13:16 UTC
3074457346479305118,2019-02-27 11:03:58 UTC
3074457346443357598,2019-02-09 10:55:22 UTC
3074457346443357598,2019-02-09 10:50:20 UTC
3074457346465313950,2019-02-25 10:43:22 UTC
3074457346465653662,2019-02-20 11:29:51 UTC
3074457346464412830,2019-03-21 15:45:23 UTC
3074457346477010079,2019-03-21 15:19:32 UTC
3074457346444113567,2019-02-11 15:30:56 UTC
3074457346444113567,2019-02-11 15:32:54 UTC
3074457346444113567,2019-02-11 15:30:56 UTC
3074457346452350623,2019-02-21 20:54:05 UTC
3074457346457726111,2019-03-14 10:29:01 UTC
3074457346457726111,2019-03-07 17:12:22 UTC
3074457346457726111,2019-03-07 17:13:12 UTC
3074457346457726111,2019-03-07 17:13:12 UTC
3074457346058817184,2019-04-24 04:01:50 UTC
3074457346058817184,2019-02-14 04:02:46 UTC
3074457346058817184,2019-02-14 03:26:55 UTC
3074457346058817184,2019-02-14 03:14:18 UTC
3074457346058817184,2019-02-14 04:02:46 UTC
3074457346456649888,2019-05-13 13:39:56 UTC
3074457346442434976,2019-04-18 07:25:44 UTC
3074457346442434976,2019-03-07 05:00:20 UTC
3074457346442434976,2019-03-07 09:20:23 UTC
3074457346442434976,2019-03-07 08:19:54 UTC
3074457346442434976,2019-03-07 08:03:02 UTC
3074457346442434976,2019-03-18 04:59:18 UTC
3074457346460473248,2019-02-19 07:18:41 UTC
3074457346471632545,2019-03-09 00:43:59 UTC
3074457346471632545,2019-03-09 01:18:56 UTC
3074457346471632545,2019-03-01 20:41:12 UTC
3074457346471632545,2019-02-28 23:59:17 UTC
3074457346453818017,2019-02-18 03:46:16 UTC
3074457346461495457,2019-02-21 11:43:23 UTC
3074457346241834657,2019-03-03 22:33:01 UTC
3074457346241834657,2019-02-25 22:37:30 UTC
3074457346241834657,2019-02-25 22:46:43 UTC
3074457346473768353,2019-02-26 07:14:38 UTC
3074457346473768353,2019-05-22 05:58:54 UTC
3074457346481812130,2019-04-04 13:00:15 UTC
3074457346481812130,2019-04-04 12:52:45 UTC
3074457346481812130,2019-04-04 13:29:48 UTC
3074457346481812130,2019-04-04 12:52:16 UTC
3074457346481812130,2019-04-04 12:52:45 UTC
3074457346481812130,2019-04-04 13:07:42 UTC
3074457346481812130,2019-04-04 13:00:15 UTC
3074457346481812130,2019-04-04 12:59:37 UTC
3074457346481812130,2019-04-04 13:09:44 UTC
3074457346481812130,2019-04-04 13:00:57 UTC
3074457346482018979,2019-03-03 10:37:38 UTC
3074457346482018979,2019-03-03 13:37:16 UTC
3074457346452079267,2019-03-04 11:04:41 UTC
3074457346296697507,2019-02-19 10:29:22 UTC
3074457346444874403,2019-03-23 19:28:15 UTC
3074457346468029604,2019-04-09 15:54:58 UTC
3074457346468029604,2019-04-09 15:55:50 UTC
3074457346468029604,2019-04-09 15:57:00 UTC
3074457346468029604,2019-04-09 15:56:21 UTC
3074457346468029604,2019-04-09 15:56:40 UTC
3074457346468029604,2019-04-09 15:55:30 UTC
3074457346468029604,2019-04-09 16:00:32 UTC
3074457346463321252,2019-03-04 12:28:55 UTC
87516324,2019-02-13 15:44:17 UTC
87516324,2019-02-13 18:15:46 UTC
3074457346474291876,2019-02-28 14:26:26 UTC
3074457346480985252,2019-02-27 20:01:21 UTC
3074457346435286437,2019-02-05 21:42:40 UTC
3074457346459731621,2019-02-18 16:25:05 UTC
3074457346464868517,2019-02-20 08:49:53 UTC
3074457346464442534,2019-02-20 23:19:57 UTC
3074457346470482342,2019-03-21 14:00:21 UTC
3074457346470482342,2019-03-21 12:21:06 UTC
3074457346470482342,2019-03-14 15:35:49 UTC
3074457346470482342,2019-03-14 15:34:10 UTC
3074457346472394150,2019-02-26 17:58:17 UTC
3074457346462716327,2019-03-06 09:36:43 UTC
3074457346481411751,2019-02-27 03:28:58 UTC
3074457346481411751,2019-03-18 01:36:06 UTC
3074457346397268903,2019-03-31 05:38:15 UTC
3074457346397268903,2019-03-02 10:28:18 UTC
3074457346448047016,2019-05-31 07:18:40 UTC
3074457346459911592,2019-04-03 06:46:48 UTC
3074457346062174376,2019-02-13 16:29:08 UTC
3074457345871760296,2019-02-21 19:47:11 UTC
3074457346443522729,2019-02-11 21:52:24 UTC
3074457346438953129,2019-02-19 16:34:39 UTC
3074457346470570409,2019-03-08 18:41:40 UTC
3074457346460549033,2019-05-30 06:25:35 UTC
3074457346460549033,2019-05-30 06:20:06 UTC
3074457346441104810,2019-02-18 13:53:10 UTC
3074457346469338795,2019-05-21 17:01:44 UTC
3074457346469338795,2019-05-13 22:23:14 UTC
3074457346469338795,2019-05-20 16:20:17 UTC
3074457346465212843,2019-03-05 09:31:10 UTC
3074457346447466923,2019-02-12 13:35:16 UTC
3074457346439670187,2019-03-03 10:50:53 UTC
3074457346439670187,2019-03-01 14:37:58 UTC
3074457346439670187,2019-03-01 19:57:11 UTC
3074457346448594859,2019-05-14 14:09:42 UTC
3074457346448594859,2019-05-14 14:05:30 UTC
3074457346448594859,2019-05-14 14:06:57 UTC
3074457346448594859,2019-05-14 14:11:26 UTC
3074457346093131179,2019-04-30 02:04:08 UTC
3074457346458839211,2019-04-15 15:45:31 UTC
3074457346463375788,2019-06-04 13:16:05 UTC
3074457346459067052,2019-02-16 21:45:40 UTC
3074457345802054061,2019-02-27 15:17:22 UTC
3074457346428783789,2019-02-28 17:58:09 UTC
3074457346479185069,2019-03-29 04:27:32 UTC
3074457346479185069,2019-03-29 04:26:17 UTC
3074457346479185069,2019-03-29 04:32:26 UTC
3074457346479185069,2019-03-29 05:35:20 UTC
3074457346479185069,2019-03-29 05:21:47 UTC
3074457346432104877,2019-03-09 15:48:29 UTC
3074457346454876078,2019-06-07 08:36:41 UTC
3074457346454876078,2019-06-07 08:34:35 UTC
3074457346459075246,2019-02-25 13:23:53 UTC
3074457346410123182,2019-03-05 09:13:03 UTC
3074457346470854575,2019-02-24 01:44:28 UTC
3074457346446739375,2019-03-03 23:53:32 UTC
3074457346069908655,2019-02-21 18:30:52 UTC
3074457346069908655,2019-02-11 17:08:43 UTC
3074457346069908655,2019-03-09 11:57:10 UTC
3074457346069908655,2019-02-18 16:27:10 UTC
3074457346069908655,2019-02-18 16:34:06 UTC
3074457346069908655,2019-02-18 16:33:45 UTC
3074457346069908655,2019-02-18 16:32:08 UTC
3074457346069908655,2019-03-13 12:11:25 UTC
3074457346069908655,2019-03-13 12:07:59 UTC
3074457346069908655,2019-03-20 12:00:01 UTC
3074457346069908655,2019-04-27 06:26:36 UTC
3074457346069908655,2019-04-27 06:25:17 UTC
3074457346069908655,2019-02-15 19:17:57 UTC
3074457346069908655,2019-04-18 10:42:58 UTC
3074457346069908655,2019-02-25 11:49:42 UTC
3074457346069908655,2019-02-13 20:38:21 UTC
3074457346069908655,2019-02-13 20:31:50 UTC
3074457346069908655,2019-02-13 19:57:32 UTC
3074457346069908655,2019-02-13 20:33:56 UTC
3074457346069908655,2019-05-31 07:21:21 UTC
3074457346069908655,2019-03-05 11:02:54 UTC
3074457346069908655,2019-02-14 12:23:22 UTC
3074457346069908655,2019-02-14 12:23:06 UTC
3074457346069908655,2019-02-14 12:22:31 UTC
3074457346444270767,2019-02-12 17:27:13 UTC
3074457346462117807,2019-02-18 21:27:08 UTC
3074457346481277104,2019-02-28 22:11:35 UTC
3074457346454019248,2019-02-25 07:50:56 UTC
3074457346435876784,2019-04-24 13:31:35 UTC
3074457346465698480,2019-02-25 07:32:13 UTC
3074457346429079472,2019-05-08 00:04:00 UTC
3074457346354985137,2019-06-03 19:38:22 UTC
3074457346455190705,2019-02-18 09:51:32 UTC
3074457346455190705,2019-02-18 09:51:32 UTC
3074457346466463665,2019-02-27 14:56:39 UTC
3074457346440633266,2019-03-19 13:48:58 UTC
3074457346440633266,2019-04-04 18:11:40 UTC
3074457345822170546,2019-02-28 09:04:42 UTC
3074457346441571506,2019-02-13 17:15:56 UTC
3074457346469097650,2019-02-22 20:11:50 UTC
3074457346438561202,2019-05-27 12:21:26 UTC
3074457346438561202,2019-05-27 12:13:23 UTC
3074457346438561202,2019-05-27 12:09:04 UTC
3074457346438561202,2019-05-27 12:19:22 UTC
3074457346438561202,2019-05-29 09:33:36 UTC
3074457346438561202,2019-05-29 09:32:48 UTC
3074457346438561202,2019-05-23 07:40:04 UTC
3074457346438561202,2019-05-23 07:29:44 UTC
3074457346438561202,2019-05-28 07:45:39 UTC
3074457346438561202,2019-05-28 07:41:11 UTC
3074457346470482354,2019-05-19 13:16:11 UTC
3074457346430770610,2019-02-28 19:42:54 UTC
3074457346459188147,2019-05-30 15:12:19 UTC
3074457346449109939,2019-02-14 23:01:02 UTC
3074457346479788979,2019-03-01 08:30:56 UTC
3074457346433855155,2019-02-18 11:26:56 UTC
3074457346096742067,2019-02-16 15:51:12 UTC
3074457346469059763,2019-02-20 04:04:01 UTC
3074457346469059763,2019-02-21 17:33:08 UTC
3074457346469059763,2019-05-10 07:51:03 UTC
3074457346469059763,2019-03-29 10:01:12 UTC
3074457346447490228,2019-03-21 11:12:04 UTC
3074457346429811380,2019-02-04 02:17:31 UTC
3074457346464480180,2019-02-25 13:58:49 UTC
3074457346453998517,2019-02-18 07:39:30 UTC
3074457346463310261,2019-03-01 21:43:56 UTC
3074457346463513014,2019-02-25 16:34:08 UTC
3074457346482077366,2019-05-17 12:56:24 UTC
3074457346482077366,2019-05-17 13:07:46 UTC
3074457346482019510,2019-03-11 09:15:42 UTC
3074457346474965942,2019-06-16 10:34:05 UTC
3074457346471377079,2019-04-29 16:32:10 UTC
3074457346471377079,2019-04-29 16:31:30 UTC
3074457346463316919,2019-02-27 13:22:33 UTC
3074457346483176119,2019-03-01 21:13:48 UTC
3074457346451200439,2019-03-10 16:01:41 UTC
3074457346451200439,2019-03-10 16:01:41 UTC
3074457346451200439,2019-03-10 15:58:38 UTC
3074457346472836535,2019-06-13 12:28:04 UTC
3074457346472836535,2019-05-30 07:22:18 UTC
3074457346472836535,2019-05-30 07:23:31 UTC
3074457346442955703,2019-02-19 16:11:14 UTC
3074457346455604919,2019-02-15 21:03:43 UTC
3074457346478890679,2019-02-27 07:19:32 UTC
3074457346468427960,2019-04-01 06:53:58 UTC
3074457346468427960,2019-03-29 08:57:11 UTC
3074457346463316920,2019-02-27 13:33:24 UTC
3074457346466219448,2019-02-22 21:43:51 UTC
3074457346455866040,2019-02-15 20:06:06 UTC
3074457346437192888,2019-04-17 14:19:11 UTC
3074457346437192888,2019-04-17 14:15:06 UTC
3074457346437192888,2019-02-05 19:38:28 UTC
3074457346437192888,2019-02-20 14:39:24 UTC
3074457346476922040,2019-02-27 15:27:31 UTC
3074457346464222905,2019-02-25 20:48:17 UTC
3074457346458069689,2019-02-23 00:12:49 UTC
3074457346446999225,2019-02-19 22:11:00 UTC
3074457346446999225,2019-02-20 21:14:53 UTC
3074457346446999225,2019-02-24 21:38:31 UTC
3074457346462138297,2019-02-24 00:23:18 UTC
3074457346433437625,2019-02-13 13:45:20 UTC
3074457346465913785,2019-03-06 03:08:52 UTC
3074457346448621497,2019-02-12 19:31:35 UTC
3074457346438208698,2019-04-03 21:39:19 UTC
3074457346438208698,2019-04-03 21:30:29 UTC
3074457346438208698,2019-04-03 21:40:59 UTC
3074457346462730170,2019-02-19 06:45:16 UTC
3074457346462351290,2019-02-20 23:53:10 UTC
3074457346451346362,2019-06-14 08:57:11 UTC
3074457346451346362,2019-06-11 15:26:12 UTC
3074457346451346362,2019-05-22 09:27:59 UTC
3074457346451346362,2019-05-22 09:50:58 UTC
3074457346451346362,2019-04-04 10:41:29 UTC
3074457346451346362,2019-05-20 18:09:01 UTC
3074457346451346362,2019-05-16 22:19:55 UTC
3074457346451346362,2019-02-18 13:14:50 UTC
3074457346451346362,2019-06-16 07:23:56 UTC
3074457346451346362,2019-06-16 07:23:14 UTC
3074457346451346362,2019-03-05 05:19:34 UTC
3074457346451346362,2019-02-12 21:53:37 UTC
3074457346434112442,2019-02-22 12:46:45 UTC
3074457346435505594,2019-02-19 05:43:37 UTC
3074457346451515835,2019-02-19 19:22:24 UTC
3074457346460758203,2019-02-26 12:22:59 UTC
3074457346460758203,2019-02-25 21:13:20 UTC
3074457346460758203,2019-02-25 18:33:41 UTC
3074457346318612923,2019-02-15 13:17:50 UTC
3074457346318612923,2019-02-26 08:42:33 UTC
3074457346318612923,2019-02-18 11:34:07 UTC
3074457346447200955,2019-02-14 13:21:57 UTC
3074457346451743931,2019-02-20 05:39:39 UTC
3074457346468135611,2019-02-28 08:21:46 UTC
3074457346465191612,2019-02-26 14:49:44 UTC
3074457346434948797,2019-02-13 15:27:06 UTC
3074457346446115517,2019-02-21 16:13:25 UTC
3074457346441921469,2019-02-26 13:44:47 UTC
3074457346447299005,2019-02-12 09:40:52 UTC
3074457346102585789,2019-02-17 01:40:08 UTC
3074457346102585789,2019-02-17 01:36:48 UTC
3074457346465329341,2019-02-21 09:36:44 UTC
3074457346461530301,2019-05-06 13:09:43 UTC
3074457346461530301,2019-05-06 13:50:45 UTC
3074457346461269437,2019-02-20 09:44:42 UTC
3074457346463109310,2019-02-19 10:36:34 UTC
3074457346437230782,2019-02-14 20:23:54 UTC
3074457346434152382,2019-02-04 14:21:50 UTC
3074457346475652286,2019-02-25 17:04:06 UTC
3074457346472310462,2019-02-27 22:03:42 UTC
3074457346454550974,2019-02-15 15:29:53 UTC
3074457346454550974,2019-02-15 15:34:39 UTC
3074457346454550974,2019-02-15 15:32:55 UTC
3074457346454550974,2019-02-15 15:31:39 UTC
3074457346454550974,2019-02-15 15:32:55 UTC
3074457346454550974,2019-02-15 15:34:39 UTC
3074457346454550974,2019-02-15 15:32:55 UTC
3074457346454550974,2019-02-15 15:33:59 UTC
3074457346454550974,2019-02-15 15:31:39 UTC
3074457346454550974,2019-02-15 15:34:39 UTC
3074457346454550974,2019-02-15 15:34:39 UTC
3074457346454550974,2019-02-15 15:34:39 UTC
3074457346454550974,2019-02-14 15:04:37 UTC
3074457346454550974,2019-03-09 17:06:44 UTC
3074457346454550974,2019-04-11 18:18:36 UTC
3074457346454550974,2019-03-18 18:23:36 UTC
3074457346454550974,2019-03-08 17:01:57 UTC
3074457346433842366,2019-02-25 08:22:46 UTC
3074457346462484926,2019-02-20 02:41:09 UTC
3074457346479561919,2019-03-01 06:38:48 UTC
3074457346436971967,2019-02-27 23:21:20 UTC
3074457346442940351,2019-03-12 15:05:12 UTC
3074457346442940351,2019-03-17 23:16:15 UTC
3074457346442940351,2019-03-13 07:40:12 UTC
3074457346442940351,2019-03-18 16:27:53 UTC
3074457346429443263,2019-02-02 15:04:11 UTC
3074457346436330943,2019-03-01 14:02:42 UTC
3074457346436330943,2019-03-01 14:02:12 UTC
3074457346436330943,2019-03-01 14:02:42 UTC
3074457346430419392,2019-02-06 18:37:56 UTC
3074457345714451648,2019-02-27 13:43:22 UTC
3074457346452600256,2019-02-27 13:59:34 UTC
3074457346452600256,2019-04-02 12:57:57 UTC
3074457346449473985,2019-02-13 08:59:59 UTC
3074457346433687489,2019-02-07 11:57:18 UTC
3074457346459055297,2019-02-16 23:58:30 UTC
3074457346440074945,2019-02-23 00:31:44 UTC
3074457346441921473,2019-02-07 19:20:42 UTC
3074457346443763137,2019-04-18 17:22:24 UTC
3074457346443763137,2019-03-26 23:31:45 UTC
3074457346443763137,2019-03-26 23:31:45 UTC
3074457346443763137,2019-03-26 23:32:07 UTC
3074457346443763137,2019-03-26 23:33:59 UTC
3074457346443763137,2019-03-26 23:32:07 UTC
3074457346443763137,2019-03-26 23:32:07 UTC
3074457346435673538,2019-02-18 08:47:41 UTC
3074457346478584771,2019-03-02 19:22:27 UTC
3074457346478584771,2019-03-06 11:26:21 UTC
3074457346456896195,2019-02-22 16:10:36 UTC
3074457346438430147,2019-02-06 12:40:53 UTC
3074457346445521859,2019-02-09 21:32:48 UTC
3074457346459022787,2019-02-24 13:11:43 UTC
3074457346442255043,2019-02-17 22:19:52 UTC
3074457346431053251,2019-06-03 00:26:21 UTC
3074457346448818115,2019-03-04 19:33:05 UTC
3074457346479562180,2019-03-05 11:57:04 UTC
3074457346438951876,2019-02-26 06:38:20 UTC
3074457346450176452,2019-02-18 19:55:17 UTC
3074457346450176452,2019-02-18 19:55:17 UTC
3074457346450176452,2019-02-18 19:55:17 UTC
3074457346450176452,2019-02-18 19:53:48 UTC
3074457346436353732,2019-02-26 10:23:20 UTC
3074457346456745156,2019-02-27 09:06:17 UTC
3074457346465672645,2019-03-01 13:20:02 UTC
3074457346472000197,2019-02-24 10:25:15 UTC
3074457346473381061,2019-02-26 07:03:53 UTC
3074457346452806853,2019-04-10 06:08:16 UTC
3074457346480866758,2019-02-28 19:11:17 UTC
3074457346481591750,2019-03-01 15:56:40 UTC
3074457346438416838,2019-02-20 11:02:52 UTC
3074457346438416838,2019-02-19 18:40:27 UTC
3074457346438416838,2019-02-19 19:12:05 UTC
3074457346438416838,2019-02-16 19:33:32 UTC
3074457346185450950,2019-02-28 07:43:26 UTC
3074457346446560710,2019-02-14 13:51:54 UTC
3074457346459209670,2019-03-07 16:22:33 UTC
3074457346460406470,2019-05-21 09:41:04 UTC
3074457346450409927,2019-05-22 17:03:34 UTC
3074457346455456199,2019-05-17 07:50:58 UTC
3074457346472698311,2019-03-20 17:28:52 UTC
3074457346454039496,2019-02-21 02:21:06 UTC
3074457346431434440,2019-02-28 09:40:43 UTC
3074457346437895113,2019-02-11 20:20:12 UTC
3074457346437895113,2019-02-11 20:18:35 UTC
3074457346437895113,2019-02-11 20:16:22 UTC
3074457346465821385,2019-02-21 18:55:47 UTC
3074457346455622857,2019-02-18 16:29:29 UTC
3074457346455033289,2019-02-14 14:19:44 UTC
3074457346455033289,2019-02-14 14:19:27 UTC
3074457346465063625,2019-03-20 00:09:48 UTC
3074457346465063625,2019-04-24 03:24:09 UTC
3074457346465063625,2019-04-24 06:44:00 UTC
3074457346465063625,2019-04-24 04:09:37 UTC
3074457346465063625,2019-04-24 04:09:04 UTC
3074457346460160458,2019-02-18 23:43:50 UTC
3074457346436897226,2019-02-15 10:11:56 UTC
3074457346451713226,2019-04-19 02:48:04 UTC
3074457346451713226,2019-04-02 21:39:15 UTC
3074457346451713226,2019-04-16 07:33:26 UTC
3074457346447937226,2019-02-12 14:59:38 UTC
3074457346137448138,2019-02-22 11:39:23 UTC
3074457346472282571,2019-03-02 17:34:00 UTC
3074457346465867211,2019-03-25 17:34:07 UTC
3074457346444374475,2019-02-14 20:55:04 UTC
3074457346436381643,2019-02-07 07:01:12 UTC
3074457346471712715,2019-02-27 22:05:30 UTC
3074457346451531979,2019-02-13 00:46:13 UTC
3074457346463329995,2019-03-04 02:03:33 UTC
3074457346438233035,2019-03-17 13:12:46 UTC
3074457346446560715,2019-02-13 18:01:48 UTC
3074457346459210699,2019-03-03 20:34:59 UTC
3074457346459210699,2019-02-28 03:44:56 UTC
3074457346459210699,2019-02-28 03:44:32 UTC
3074457346459210699,2019-02-28 03:44:56 UTC
3074457346456461003,2019-02-16 16:04:33 UTC
3074457346451958219,2019-02-14 09:30:54 UTC
3074457346472606155,2019-03-03 17:17:30 UTC
3074457346332377548,2019-02-15 16:18:10 UTC
3074457346332377548,2019-02-15 17:17:23 UTC
3074457346332377548,2019-02-15 17:20:17 UTC
3074457346462081740,2019-02-19 20:53:38 UTC
3074457346411620556,2019-02-20 05:27:36 UTC
3074457346411620556,2019-02-20 23:49:45 UTC
3074457346411620556,2019-02-20 23:44:51 UTC
3074457346411620556,2019-02-20 23:49:45 UTC
3074457346411620556,2019-05-27 23:43:29 UTC
3074457346411620556,2019-05-14 18:11:37 UTC
3074457346411620556,2019-04-02 20:28:42 UTC
3074457346411620556,2019-04-01 16:30:38 UTC
3074457346411620556,2019-04-01 16:28:34 UTC
3074457346411620556,2019-04-01 16:31:24 UTC
3074457346411620556,2019-04-01 16:30:38 UTC
3074457346411620556,2019-04-01 16:31:24 UTC
3074457346411620556,2019-04-01 16:31:24 UTC
3074457346411620556,2019-04-11 23:07:56 UTC
3074457346411620556,2019-05-16 09:28:14 UTC
3074457346411620556,2019-02-13 05:25:51 UTC
3074457346411620556,2019-03-04 23:42:28 UTC
3074457346411620556,2019-03-04 23:45:34 UTC
3074457346411620556,2019-05-28 00:00:32 UTC
3074457346440460748,2019-02-28 08:23:34 UTC
3074457346457374412,2019-02-28 01:00:12 UTC
3074457346454279373,2019-06-11 02:36:28 UTC
3074457346433243597,2019-03-12 09:16:03 UTC
3074457346451834062,2019-02-22 08:46:36 UTC
3074457346470710222,2019-05-15 13:46:12 UTC
3074457346457212622,2019-03-05 16:49:16 UTC
3074457346470420686,2019-03-01 02:47:32 UTC
3074457346453979598,2019-02-26 03:02:32 UTC
3074457346456408782,2019-02-24 19:59:24 UTC
3074457346461983182,2019-02-20 00:52:03 UTC
3074457346461983182,2019-02-20 00:51:13 UTC
3074457346461983182,2019-02-20 00:52:03 UTC
3074457346465263566,2019-02-26 07:55:28 UTC
3074457346448046799,2019-03-25 09:46:10 UTC
3074457346448046799,2019-03-25 09:52:50 UTC
3074457346448046799,2019-03-25 12:15:36 UTC
3074457346448046799,2019-03-25 09:46:10 UTC
3074457346448046799,2019-03-25 09:45:02 UTC
3074457346474082255,2019-02-25 04:00:04 UTC
3074457346474082255,2019-02-25 03:57:40 UTC
3074457346420820943,2019-03-27 10:41:06 UTC
3074457346432031439,2019-02-11 18:59:43 UTC
3074457346448116944,2019-02-13 15:24:57 UTC
3074457346443616208,2019-02-14 08:49:56 UTC
3074457346472740817,2019-02-25 17:06:39 UTC
3074457346445092817,2019-02-11 22:38:51 UTC
3074457346451280849,2019-04-14 16:50:34 UTC
3074457346448988369,2019-02-22 22:39:58 UTC
3074457346440810193,2019-02-15 14:20:17 UTC
3074457346439041233,2019-02-19 21:47:54 UTC
3074457346439041233,2019-02-19 21:44:45 UTC
3074457346475482833,2019-02-28 09:54:30 UTC
3074457346479562450,2019-03-04 11:17:57 UTC
3074457346460558034,2019-02-18 14:23:32 UTC
3074457346442864338,2019-03-06 09:07:38 UTC
3074457346450537426,2019-02-15 15:17:05 UTC
3074457346450537426,2019-02-15 14:36:06 UTC
3074457346449832402,2019-02-13 14:07:01 UTC
3074457346479333074,2019-02-28 10:36:31 UTC
3074457346466785491,2019-06-11 14:09:29 UTC
3074457346463330003,2019-03-04 13:46:22 UTC
3074457346469032659,2019-02-22 08:39:47 UTC
3074457346432465619,2019-02-17 14:38:40 UTC
3074457346458356435,2019-04-28 08:32:36 UTC
3074457346458356435,2019-04-28 08:28:26 UTC
3074457346433523923,2019-02-25 11:38:38 UTC
3074457346469925844,2019-03-05 11:17:58 UTC
3074457346477684180,2019-04-19 08:33:12 UTC
3074457346093327317,2019-02-17 18:42:41 UTC
3074457346093327317,2019-02-17 18:17:16 UTC
3074457346093327317,2019-02-17 18:19:21 UTC
3074457346436699094,2019-02-18 15:57:41 UTC
3074457346476485846,2019-03-01 09:13:36 UTC
3074457346445422038,2019-04-08 19:34:21 UTC
3074457346477468375,2019-03-01 08:36:57 UTC
3074457346435837655,2019-05-15 15:09:14 UTC
3074457346435837655,2019-02-19 13:21:44 UTC
3074457346442475737,2019-02-12 20:02:23 UTC
3074457346473756377,2019-02-28 21:11:32 UTC
3074457346435240665,2019-02-21 21:11:15 UTC
3074457346435240665,2019-02-21 21:26:24 UTC
3074457346435240665,2019-02-21 21:07:50 UTC
3074457346435240665,2019-03-21 15:25:11 UTC
3074457346443503321,2019-02-21 12:02:19 UTC
3074457346471229657,2019-02-26 19:18:10 UTC
3074457346448292313,2019-02-20 07:04:09 UTC
3074457346449474010,2019-04-24 15:31:42 UTC
3074457346449474010,2019-04-03 11:15:47 UTC
3074457346449474010,2019-04-03 11:14:39 UTC
3074457346449474010,2019-04-03 11:18:21 UTC
3074457346433375450,2019-02-04 05:54:24 UTC
3074457346473628122,2019-02-28 02:54:02 UTC
3074457346475791322,2019-02-25 19:02:53 UTC
3074457346478611162,2019-02-27 13:40:20 UTC
3074457346478611162,2019-02-27 14:20:21 UTC
3074457346478611162,2019-02-27 13:42:37 UTC
3074457346478611162,2019-02-27 13:43:14 UTC
3074457346453064922,2019-02-21 14:26:48 UTC
3074457346460931546,2019-05-21 13:39:53 UTC
3074457346435571930,2019-02-06 10:47:48 UTC
3074457346475945690,2019-02-26 05:09:00 UTC
3074457346475945690,2019-02-26 05:12:26 UTC
3074457346475945690,2019-02-26 05:12:26 UTC
3074457346475945690,2019-02-26 05:07:42 UTC
3074457346475945690,2019-02-26 05:12:42 UTC
3074457346475945690,2019-02-25 22:51:13 UTC
3074457346448564443,2019-02-14 19:39:46 UTC
3074457346468226523,2019-02-25 09:34:07 UTC
3074457346449048795,2019-05-07 20:09:58 UTC
3074457346435685595,2019-02-14 08:32:52 UTC
3074457346476976347,2019-05-01 16:29:46 UTC
3074457346476976347,2019-06-04 08:19:31 UTC
3074457345977593307,2019-02-22 21:00:25 UTC
3074457346472113372,2019-04-15 22:02:19 UTC
3074457346437991900,2019-02-06 08:02:10 UTC
3074457346437991900,2019-02-06 08:01:42 UTC
3074457346437991900,2019-02-06 08:01:42 UTC
3074457346437991900,2019-02-06 08:02:10 UTC
3074457346437991900,2019-02-06 08:02:09 UTC
3074457346437991900,2019-02-06 06:56:36 UTC
3074457345804331740,2019-02-07 20:08:49 UTC
3074457345804331740,2019-02-07 20:08:19 UTC
3074457345804331740,2019-05-02 11:34:59 UTC
3074457346476959709,2019-02-26 22:15:12 UTC
3074457346465634781,2019-02-22 11:22:07 UTC
3074457346450042333,2019-05-11 14:56:53 UTC
3074457346450042333,2019-02-13 15:11:34 UTC
3074457346450042333,2019-05-12 13:22:31 UTC
3074457346450042333,2019-05-12 13:24:29 UTC
3074457346472399069,2019-03-13 11:47:59 UTC
3074457346435576797,2019-02-24 04:39:40 UTC
3074457346449929693,2019-02-25 14:36:17 UTC
3074457346475628510,2019-02-27 17:37:53 UTC
3074457346457357534,2019-05-01 17:37:51 UTC
3074457346457357534,2019-05-01 17:38:05 UTC
3074457346457357534,2019-05-01 17:38:23 UTC
3074457346457357534,2019-05-01 17:34:57 UTC
3074457346457357534,2019-06-04 14:23:02 UTC
3074457346457357534,2019-06-04 14:23:32 UTC
3074457346449647070,2019-02-26 10:35:12 UTC
3074457346429396958,2019-04-24 08:34:02 UTC
3074457346448869854,2019-02-15 19:19:39 UTC
3074457346471483102,2019-03-14 19:07:25 UTC
3074457346444096478,2019-02-14 19:34:34 UTC
3074457346454720991,2019-03-24 20:17:32 UTC
3074457346483770847,2019-03-08 02:38:45 UTC
3074457346469178847,2019-03-10 12:42:05 UTC
3074457346469178847,2019-03-10 13:14:16 UTC
3074457346469178847,2019-02-21 18:45:09 UTC
3074457346481316575,2019-03-02 03:42:20 UTC
3074457346440369120,2019-02-26 13:41:12 UTC
3074457346467832800,2019-05-06 13:28:13 UTC
3074457346468029664,2019-02-27 09:59:53 UTC
3074457346481073888,2019-03-28 17:48:17 UTC
3074457346481073888,2019-05-20 18:17:40 UTC
3074457346434819296,2019-02-07 18:08:36 UTC
3074457346434819296,2019-02-07 18:11:38 UTC
3074457346475648992,2019-03-04 14:36:09 UTC
3074457346431879904,2019-02-02 19:59:15 UTC
3074457346433215456,2019-04-02 16:42:55 UTC
3074457346454450656,2019-05-15 05:01:57 UTC
3074457346454450656,2019-05-15 04:59:50 UTC
3074457346459997153,2019-02-20 19:45:13 UTC
3074457346435505121,2019-02-16 08:41:39 UTC
3074457345872356321,2019-02-27 16:20:49 UTC
3074457345872356321,2019-02-27 16:20:33 UTC
3074457345872356321,2019-02-27 16:20:49 UTC
3074457346452416225,2019-02-13 12:50:39 UTC
3074457346452416225,2019-02-13 12:48:52 UTC
3074457346452416225,2019-02-13 12:48:52 UTC
3074457346469730274,2019-03-19 21:54:15 UTC
3074457346469730274,2019-03-19 21:56:31 UTC
3074457346469730274,2019-03-11 21:55:05 UTC
3074457346469730274,2019-03-11 21:55:19 UTC
3074457346469730274,2019-03-11 21:55:19 UTC
3074457346441028066,2019-02-12 09:12:02 UTC
3074457346469299426,2019-03-26 18:46:28 UTC
3074457346480245474,2019-02-28 09:16:50 UTC
3074457346440667618,2019-02-07 16:38:50 UTC
3074457346479291106,2019-05-17 02:49:38 UTC
3074457346448227298,2019-04-11 14:46:01 UTC
3074457346453081571,2019-02-14 18:58:58 UTC
3074457346440178147,2019-02-15 02:59:13 UTC
3074457346482521059,2019-03-20 10:08:50 UTC
3074457346482521059,2019-03-15 15:25:33 UTC
3074457346445314019,2019-02-17 09:11:46 UTC
3074457346434111715,2019-02-22 11:11:01 UTC
3074457346453740004,2019-02-25 17:42:52 UTC
3074457346445228004,2019-02-09 16:30:45 UTC
3074457346446025444,2019-04-14 09:31:21 UTC
3074457346467024612,2019-02-20 20:01:28 UTC
3074457346467024612,2019-02-20 20:45:29 UTC
3074457346467024612,2019-05-17 01:01:24 UTC
3074457346438670821,2019-04-10 13:02:54 UTC
3074457346438670821,2019-04-10 13:02:53 UTC
3074457346449306853,2019-02-19 00:53:10 UTC
3074457346453637349,2019-02-25 16:08:04 UTC
3074457346481438693,2019-03-28 19:33:39 UTC
3074457346481438693,2019-03-02 02:02:48 UTC
3074457346468355814,2019-03-05 11:55:16 UTC
3074457346435661542,2019-02-05 15:08:40 UTC
3074457346473703142,2019-04-06 21:22:27 UTC
3074457346452340198,2019-02-15 07:47:41 UTC
3074457346463036902,2019-02-21 11:34:25 UTC
3074457346463330023,2019-02-27 13:33:22 UTC
3074457346450682343,2019-02-12 16:49:23 UTC
3074457346417713128,2019-02-05 16:26:45 UTC
3074457346417713128,2019-02-05 17:35:46 UTC
3074457346460966888,2019-03-19 07:55:11 UTC
3074457346460966888,2019-03-19 08:04:27 UTC
3074457346444874472,2019-02-14 00:36:01 UTC
3074457346451924713,2019-02-28 15:17:28 UTC
3074457346473881065,2019-03-06 19:51:07 UTC
3074457346438164969,2019-02-20 17:58:51 UTC
3074457346454098409,2019-02-19 14:59:18 UTC
3074457346454098409,2019-02-16 19:44:11 UTC
3074457346472583401,2019-04-18 16:27:02 UTC
3074457346478490345,2019-02-28 22:06:59 UTC
3074457346437557994,2019-05-10 18:10:10 UTC
3074457346437557994,2019-02-25 22:32:30 UTC
3074457346437557994,2019-02-11 19:19:03 UTC
3074457346460502251,2019-02-20 02:12:03 UTC
3074457346460502251,2019-04-05 08:20:18 UTC
3074457346469624043,2019-02-23 01:06:59 UTC
3074457346442956267,2019-04-08 10:03:56 UTC
3074457346472657899,2019-03-02 10:41:47 UTC
3074457346456804075,2019-02-18 16:22:46 UTC
3074457346455957483,2019-05-06 12:25:47 UTC
3074457346455957483,2019-05-06 12:24:29 UTC
3074457346455957483,2019-04-03 09:55:09 UTC
3074457346455957483,2019-04-03 10:04:21 UTC
3074457346455957483,2019-04-16 08:47:54 UTC
3074457346455957483,2019-04-16 08:48:29 UTC
3074457346455957483,2019-04-16 08:48:37 UTC
3074457346455957483,2019-03-18 07:58:46 UTC
3074457346477474284,2019-03-05 22:52:25 UTC
3074457346445591788,2019-04-10 14:40:35 UTC
3074457346483026412,2019-03-21 12:09:28 UTC
3074457346449627885,2019-02-12 11:38:26 UTC
3074457346434031341,2019-03-27 16:07:11 UTC
3074457346468899053,2019-03-09 13:23:56 UTC
3074457346468899053,2019-03-09 13:15:37 UTC
3074457346468899053,2019-03-09 13:17:15 UTC
3074457346468899053,2019-03-09 13:16:02 UTC
3074457346468899053,2019-03-09 13:22:58 UTC
3074457346468899053,2019-03-09 13:17:15 UTC
3074457346468899053,2019-04-09 14:29:16 UTC
3074457346453659117,2019-05-12 17:11:17 UTC
3074457346453659117,2019-05-12 17:11:45 UTC
3074457346447699949,2019-02-13 19:53:40 UTC
3074457346449535981,2019-03-08 06:19:12 UTC
3074457346472606189,2019-02-25 10:51:51 UTC
3074457346445020654,2019-02-10 05:40:44 UTC
3074457346445020654,2019-02-10 08:30:32 UTC
3074457346442550510,2019-02-12 09:27:56 UTC
3074457346433375982,2019-02-04 10:04:50 UTC
295662,2019-06-14 15:49:46 UTC
295662,2019-06-14 15:50:22 UTC
295662,2019-05-30 10:24:48 UTC
295662,2019-06-15 06:55:26 UTC
3074457346438574830,2019-02-11 11:22:53 UTC
3074457346450771438,2019-03-07 08:01:35 UTC
3074457346463844591,2019-02-24 21:25:17 UTC
3074457346458222063,2019-02-16 05:59:58 UTC
3074457346462612975,2019-02-24 04:31:58 UTC
3074457346462484719,2019-02-20 04:52:32 UTC
3074457346460593391,2019-03-01 14:04:59 UTC
3074457346450581743,2019-05-03 14:04:46 UTC
3074457346436559855,2019-02-11 14:41:27 UTC
3074457346466073840,2019-02-23 14:32:08 UTC
3074457346459559152,2019-03-05 08:26:05 UTC
3074457346457926128,2019-05-03 18:07:37 UTC
3074457346457926128,2019-05-23 17:40:18 UTC
3074457346457926128,2019-05-09 13:27:19 UTC
3074457346439384049,2019-02-18 15:19:48 UTC
3074457346446561009,2019-02-12 12:36:18 UTC
3074457346453509105,2019-02-13 19:29:08 UTC
3074457346452155121,2019-02-19 10:45:44 UTC
3074457346435576817,2019-02-19 04:19:03 UTC
3074457346460823794,2019-02-18 10:24:27 UTC
3074457346453486322,2019-02-15 15:38:03 UTC
3074457346453486322,2019-02-27 04:21:53 UTC
3074457346453486322,2019-02-27 04:18:51 UTC
3074457346453486322,2019-02-27 04:24:28 UTC
3074457346447917298,2019-02-13 07:50:54 UTC
3074457346444978162,2019-02-15 16:31:00 UTC
3074457346457954802,2019-03-04 08:10:15 UTC
3074457346445586930,2019-02-17 18:13:50 UTC
3074457346445586930,2019-05-14 19:21:35 UTC
3074457346449585906,2019-02-13 09:58:50 UTC
3074457346448529651,2019-02-13 10:48:46 UTC
3074457346464626676,2019-02-20 20:26:24 UTC
3074457346464626676,2019-02-20 20:28:12 UTC
3074457346464626676,2019-02-20 20:26:24 UTC
3074457346464626676,2019-02-20 20:25:07 UTC
3074457346464626676,2019-02-20 20:28:12 UTC
3074457346464626676,2019-02-20 20:28:12 UTC
3074457346464626676,2019-02-25 21:33:50 UTC
3074457346464626676,2019-02-25 21:34:52 UTC
3074457346464626676,2019-06-10 15:48:25 UTC
3074457346464626676,2019-06-10 15:48:53 UTC
3074457346458279924,2019-02-18 17:17:13 UTC
3074457346464969716,2019-02-25 01:21:03 UTC
3074457346433719540,2019-03-05 07:17:49 UTC
3074457346469512692,2019-03-01 01:25:54 UTC
3074457346438125556,2019-02-13 11:44:43 UTC
3074457346445932276,2019-02-23 16:43:15 UTC
3074457346445932276,2019-02-23 16:40:52 UTC
3074457346468751093,2019-02-22 18:17:25 UTC
3074457346468751093,2019-02-22 18:18:21 UTC
3074457346468751093,2019-02-22 18:18:21 UTC
3074457346468751093,2019-02-22 18:58:23 UTC
3074457346468751093,2019-02-25 20:53:07 UTC
3074457346468751093,2019-02-21 19:18:32 UTC
3074457346468751093,2019-02-28 16:40:10 UTC
3074457346483305461,2019-03-29 10:41:27 UTC
3074457346433498101,2019-05-17 11:56:28 UTC
3074457346449830645,2019-02-25 08:06:00 UTC
3074457346434500341,2019-02-20 15:40:06 UTC
3074457346441976309,2019-02-11 21:58:24 UTC
3074457346449974005,2019-03-26 08:37:47 UTC
3074457346449974005,2019-03-26 08:32:34 UTC
3074457346449974005,2019-03-26 08:32:34 UTC
3074457346449974005,2019-03-26 08:39:29 UTC
3074457346449974005,2019-03-26 08:31:40 UTC
3074457346449974005,2019-03-27 08:29:21 UTC
3074457346450695669,2019-02-13 18:15:05 UTC
3074457346482242806,2019-05-21 10:53:11 UTC
3074457346448692982,2019-02-13 17:52:54 UTC
3074457345962810102,2019-02-21 22:32:13 UTC
3074457345962810102,2019-04-02 01:55:54 UTC
3074457346436767990,2019-05-13 07:16:43 UTC
3074457346436767990,2019-05-13 06:17:33 UTC
3074457346436767990,2019-02-07 21:35:57 UTC
3074457346436767990,2019-02-07 21:36:37 UTC
3074457346436767990,2019-02-07 21:33:55 UTC
3074457346436767990,2019-02-07 21:34:13 UTC
3074457346482122230,2019-03-05 20:30:02 UTC
3074457346482122230,2019-05-03 15:43:59 UTC
3074457346482122230,2019-03-07 09:49:55 UTC
3074457346463577078,2019-02-22 16:58:21 UTC
3074457346466073846,2019-02-23 17:43:12 UTC
3074457346478863350,2019-03-01 00:19:34 UTC
3074457346470421238,2019-03-15 13:33:08 UTC
3074457346470421238,2019-04-19 14:47:55 UTC
3074457346471287798,2019-05-17 21:30:51 UTC
3074457346466375926,2019-02-23 12:37:34 UTC
3074457346468773623,2019-02-26 18:03:27 UTC
3074457346479215863,2019-02-28 13:56:55 UTC
3074457346440291831,2019-02-21 10:03:59 UTC
3074457346446324215,2019-03-22 15:45:33 UTC
3074457346458515447,2019-02-20 12:32:44 UTC
3074457346458515447,2019-02-18 20:19:28 UTC
3074457346449830136,2019-02-28 21:41:43 UTC
3074457346439823096,2019-04-09 15:59:18 UTC
3074457346474439928,2019-02-25 08:59:36 UTC
3074457346277602809,2019-02-26 19:14:43 UTC
3074457346444590585,2019-02-24 15:54:33 UTC
3074457346434851577,2019-02-14 01:24:28 UTC
3074457346434851577,2019-02-18 16:04:52 UTC
3074457346434851577,2019-02-18 16:04:12 UTC
3074457346434851577,2019-02-18 16:04:52 UTC
3074457346439446009,2019-02-07 22:13:47 UTC
3074457346472214265,2019-03-11 01:36:13 UTC
3074457346444112890,2019-02-12 23:40:40 UTC
3074457346449246970,2019-03-03 16:59:31 UTC
3074457346444540154,2019-03-19 20:42:52 UTC
3074457346444540154,2019-02-27 15:11:54 UTC
3074457346444540154,2019-04-15 12:50:27 UTC
3074457346444540154,2019-06-12 19:54:23 UTC
3074457346471487226,2019-06-04 18:28:15 UTC
3074457346451886331,2019-02-14 14:07:47 UTC
3074457346470041083,2019-02-24 06:23:53 UTC
3074457346445994747,2019-04-04 11:56:00 UTC
3074457346445994747,2019-04-04 11:56:00 UTC
3074457346445994747,2019-04-04 11:53:15 UTC
3074457346445994747,2019-03-02 19:09:34 UTC
3074457346441606907,2019-02-19 09:47:32 UTC
3074457346473961212,2019-02-27 21:09:32 UTC
3074457346465397756,2019-02-27 03:23:46 UTC
3074457346438671357,2019-02-25 14:22:20 UTC
3074457346471900413,2019-03-16 10:26:47 UTC
3074457346439156477,2019-02-13 14:51:16 UTC
3074457346439156477,2019-02-13 14:51:16 UTC
3074457346439156477,2019-02-13 14:51:16 UTC
3074457346439156477,2019-02-13 14:16:36 UTC
3074457346439156477,2019-02-13 14:16:36 UTC
3074457346439156477,2019-02-13 14:15:53 UTC
3074457346465770237,2019-03-26 10:39:15 UTC
3074457346429734909,2019-04-24 20:21:31 UTC
3074457346429734909,2019-04-24 20:17:28 UTC
3074457346440029437,2019-03-08 20:56:00 UTC
3074457346161887742,2019-02-16 23:59:06 UTC
3074457346642969599,2019-05-31 09:54:56 UTC
3074457346462034687,2019-04-04 13:17:08 UTC
3074457346462034687,2019-04-04 13:17:08 UTC
3074457346462034687,2019-04-04 13:14:47 UTC
